order_item_id,order_id,product_id,quantity,unit_price
1,1,23,5,127.02
2,1,190,1,142.50
3,1,45,4,168.84
4,2,102,4,288.88
5,2,192,3,78.99
6,2,3,3,428.51
7,2,28,3,282.30
8,3,35,5,92.33
9,3,50,1,320.47
10,4,184,2,210.72
11,4,87,3,207.90
12,5,164,4,396.85
13,6,172,1,255.71
14,7,64,1,224.39
15,8,85,3,245.66
16,8,147,1,350.51
17,9,171,1,285.15
18,10,181,3,372.05
19,10,164,3,370.14
20,11,123,2,402.80
21,11,156,3,332.35
22,11,141,4,239.48
23,12,196,2,452.35
24,12,153,1,132.58
25,13,145,1,222.51
26,14,138,2,306.86
27,15,175,2,96.21
28,16,115,1,84.25
29,16,132,4,300.92
30,16,15,5,119.73
31,17,102,3,318.30
32,17,191,2,368.37
33,18,17,5,255.71
34,19,121,1,361.18
35,19,47,2,165.07
36,19,187,4,186.79
37,19,98,4,485.84
38,20,175,5,87.85
39,21,138,4,325.00
40,22,194,1,442.87
41,22,119,5,386.97
42,23,89,2,324.11
43,24,170,4,460.49
44,25,18,1,400.73
45,26,13,2,443.66
46,26,103,4,379.71
47,27,75,2,302.53
48,28,154,3,311.28
49,29,134,2,187.78
50,29,71,1,121.23
51,29,152,2,225.83
52,29,110,5,281.12
53,30,172,4,280.56
54,30,82,4,153.47
55,30,77,4,269.04
56,31,58,3,327.73
57,32,144,4,96.96
58,32,143,5,328.22
59,32,63,3,159.12
60,33,95,1,443.02
61,33,49,1,226.91
62,33,173,5,330.68
63,34,195,5,278.25
64,35,86,3,99.38
65,36,190,1,139.07
66,36,194,4,438.80
67,36,179,5,450.42
68,37,199,3,412.83
69,37,137,3,103.54
70,38,120,1,24.07
71,38,185,4,86.08
72,38,82,2,152.57
73,39,57,2,384.67
74,39,142,5,325.01
75,40,85,2,238.10
76,41,168,3,448.30
77,42,165,4,306.26
78,42,188,3,52.55
79,42,185,5,82.60
80,43,16,5,432.29
81,43,20,1,134.09
82,43,106,2,54.74
83,43,60,1,198.51
84,44,96,1,230.98
85,44,171,5,304.88
86,45,137,5,105.23
87,46,138,3,299.53
88,46,179,4,457.30
89,47,25,5,339.81
90,48,91,3,303.18
91,48,21,3,321.06
92,49,179,2,423.29
93,50,167,1,292.36
94,50,98,4,463.43
95,51,44,1,347.38
96,52,145,1,253.08
97,52,11,2,51.78
98,53,122,3,252.15
99,53,20,3,136.76
100,53,145,1,226.82
101,54,54,5,212.86
102,55,20,3,122.16
103,55,62,5,272.68
104,56,85,4,252.12
105,56,36,1,449.70
106,56,89,1,314.91
107,57,197,5,381.48
108,58,70,4,275.72
109,59,111,2,345.21
110,59,170,4,423.65
111,59,159,3,499.17
112,60,40,4,284.29
113,61,82,3,146.25
114,61,2,3,94.43
115,62,23,2,131.07
116,63,27,1,54.77
117,63,142,1,325.88
118,64,4,3,379.98
119,64,200,1,193.72
120,64,144,2,91.45
121,65,36,3,435.88
122,66,112,3,107.05
123,67,64,4,236.33
124,68,78,1,463.69
125,69,85,4,236.41
126,70,35,3,90.23
127,70,178,2,344.41
128,70,46,4,299.27
129,70,75,4,309.27
130,71,72,4,68.96
131,72,140,2,305.34
132,73,119,2,387.83
133,73,75,1,302.67
134,73,105,4,252.51
135,74,40,4,287.56
136,75,123,5,399.42
137,75,130,4,89.02
138,75,93,5,84.44
139,75,22,1,339.71
140,76,166,5,139.73
141,77,193,3,171.24
142,77,111,1,310.63
143,78,133,5,165.31
144,78,148,2,187.70
145,79,151,5,82.41
146,79,7,4,392.25
147,80,187,2,186.02
148,81,134,4,185.87
149,81,25,4,371.48
150,82,12,1,324.08
151,83,43,2,45.12
152,84,110,4,269.70
153,85,164,4,371.77
154,86,116,5,342.01
155,86,2,2,90.93
156,86,193,1,161.69
157,87,84,2,102.24
158,88,136,3,379.58
159,88,157,4,338.74
160,88,90,3,181.29
161,89,181,3,384.75
162,89,152,1,227.41
163,90,30,2,223.80
164,91,153,2,133.58
165,92,138,2,326.30
166,93,81,4,290.09
167,94,125,2,251.95
168,94,99,5,330.23
169,94,127,4,278.13
170,95,126,2,416.31
171,95,8,2,228.52
172,96,44,4,350.90
173,96,198,4,425.28
174,97,199,5,441.46
175,98,11,4,54.57
176,98,109,1,428.70
177,99,9,4,115.67
178,100,31,2,37.17
179,101,182,5,193.41
180,101,43,5,42.51
181,102,146,3,33.95
182,102,153,5,125.33
183,103,69,5,361.82
184,104,193,4,170.09
185,105,34,2,436.43
186,106,174,4,474.28
187,106,148,3,193.00
188,107,197,1,351.20
189,108,95,4,471.12
190,108,84,5,95.03
191,109,118,3,120.41
192,109,137,4,102.05
193,110,83,3,243.27
194,111,125,3,280.38
195,111,196,1,409.39
196,112,41,4,195.98
197,113,177,2,260.09
198,114,71,1,123.04
199,114,65,1,212.69
200,114,167,2,290.36
201,115,194,2,408.01
202,115,24,1,151.98
203,116,58,5,319.25
204,117,31,4,40.06
205,117,123,1,388.70
206,118,95,3,416.01
207,119,174,2,443.51
208,119,145,1,242.64
209,120,55,2,505.30
210,121,56,1,35.22
211,122,99,3,353.46
212,122,81,2,273.80
213,123,154,5,335.45
214,124,169,3,419.91
215,125,101,3,240.77
216,126,29,2,284.39
217,127,4,3,410.79
218,127,34,4,487.17
219,128,175,2,96.87
220,129,18,1,380.57
221,130,102,5,293.56
222,130,183,5,474.06
223,130,109,4,387.11
224,131,72,1,68.36
225,131,131,2,390.30
226,132,151,1,84.54
227,133,23,4,124.65
228,134,171,2,269.89
229,135,42,4,292.16
230,135,134,5,198.60
231,136,33,3,153.66
232,137,110,3,282.34
233,138,161,1,317.68
234,138,131,3,338.87
235,138,146,2,33.10
236,138,66,1,301.31
237,139,131,1,338.24
238,140,121,3,366.69
239,141,10,5,133.51
240,141,183,4,436.05
241,141,64,4,247.87
242,142,147,3,342.55
243,142,173,1,309.46
244,143,103,1,418.85
245,143,73,3,188.63
246,143,142,4,296.79
247,143,52,3,415.09
248,144,95,5,472.59
249,145,140,2,281.07
250,145,105,1,256.37
251,146,3,3,391.55
252,146,169,4,463.46
253,147,136,2,369.39
254,148,37,3,285.55
255,148,60,5,189.80
256,148,96,4,243.43
257,148,22,5,305.92
258,149,20,5,130.19
259,149,112,2,103.97
260,150,101,3,228.88
261,150,70,2,258.05
262,150,52,2,428.75
263,151,43,4,44.77
264,152,198,2,418.93
265,152,119,3,412.77
266,153,78,5,403.07
267,153,84,2,96.44
268,154,13,3,412.04
269,155,116,5,358.95
270,155,64,1,231.61
271,155,36,1,415.88
272,156,103,3,407.23
273,157,151,3,92.68
274,158,51,4,18.71
275,158,24,3,155.06
276,158,119,1,371.54
277,158,147,4,381.87
278,159,175,4,88.42
279,160,115,2,78.78
280,161,76,4,462.93
281,162,72,4,66.49
282,163,135,2,166.80
283,163,140,1,319.40
284,163,183,3,453.92
285,164,145,5,232.04
286,165,153,2,122.50
287,166,121,5,365.22
288,167,26,2,342.60
289,167,69,5,353.06
290,167,189,1,175.59
291,167,57,5,437.76
292,168,45,2,153.00
293,169,152,1,228.47
294,170,145,2,250.95
295,170,127,5,262.50
296,171,60,5,184.05
297,172,158,2,218.23
298,173,83,1,231.15
299,173,151,2,90.76
300,173,135,3,175.09
301,174,102,5,284.90
302,174,78,3,409.48
303,174,41,4,206.16
304,175,45,5,164.21
305,175,158,3,199.53
306,176,188,3,52.20
307,177,147,4,383.50
308,177,198,5,391.69
309,177,155,3,98.42
310,178,145,1,254.62
311,179,61,3,34.00
312,179,43,1,47.23
313,180,86,4,85.87
314,180,54,2,231.88
315,181,185,1,77.00
316,181,113,4,360.71
317,182,97,3,353.79
318,183,148,2,179.45
319,183,19,1,335.17
320,184,19,3,328.52
321,184,97,2,363.84
322,184,141,1,224.62
323,185,111,2,341.47
324,185,112,2,100.92
325,186,105,5,276.49
326,186,187,5,183.59
327,186,73,3,185.96
328,186,13,4,432.55
329,187,93,1,82.31
330,188,123,2,380.46
331,188,53,2,492.65
332,189,79,4,331.23
333,189,170,3,424.03
334,190,98,3,437.54
335,191,68,2,130.69
336,192,179,1,408.90
337,193,194,5,395.21
338,194,108,5,345.10
339,194,122,5,286.98
340,195,183,1,455.49
341,196,174,5,449.28
342,196,194,4,391.74
343,197,33,1,146.60
344,197,175,4,88.83
345,198,153,3,128.40
346,199,143,4,350.59
347,200,4,5,390.27
348,200,108,1,331.03
349,201,195,1,286.55
350,201,145,1,249.08
351,202,106,3,51.06
352,202,125,5,268.78
353,202,10,2,123.15
354,203,178,4,321.01
355,203,85,2,225.76
356,204,6,3,454.20
357,204,78,3,419.08
358,204,126,1,477.21
359,205,191,4,379.33
360,206,155,1,87.99
361,206,55,4,492.23
362,207,15,5,125.82
363,207,17,3,245.31
364,207,104,2,211.24
365,208,50,2,346.10
366,209,93,2,80.34
367,210,163,1,222.56
368,210,62,3,258.88
369,211,122,5,273.20
370,211,89,2,353.13
371,211,67,1,276.40
372,212,147,2,383.85
373,213,69,4,337.37
374,213,200,1,186.49
375,214,3,2,407.92
376,215,182,3,187.32
377,215,97,3,349.09
378,216,134,5,187.30
379,217,170,3,456.77
380,217,153,5,127.65
381,218,87,3,210.20
382,219,183,3,433.51
383,220,154,4,332.42
384,220,175,2,96.27
385,220,168,4,501.33
386,221,189,1,170.89
387,222,183,2,468.40
388,223,172,3,269.04
389,223,44,5,330.35
390,223,25,4,338.65
391,224,47,3,162.35
392,224,57,3,397.91
393,225,85,3,233.64
394,226,121,1,394.46
395,226,150,5,430.66
396,226,19,4,366.82
397,227,98,5,445.44
398,227,14,2,364.94
399,227,52,3,405.31
400,228,184,2,237.52
401,229,46,3,284.92
402,229,2,4,91.92
403,230,41,4,205.96
404,230,200,1,176.56
405,231,110,4,276.26
406,232,96,1,240.54
407,233,174,1,484.31
408,234,89,3,316.53
409,234,99,5,334.45
410,235,77,3,280.87
411,235,134,5,191.02
412,236,88,4,75.68
413,236,49,2,251.51
414,236,104,1,194.04
415,236,187,2,182.00
416,237,32,3,160.57
417,237,10,4,134.95
418,238,153,1,135.35
419,238,168,1,433.32
420,239,32,5,149.61
421,240,176,1,206.07
422,241,70,5,280.61
423,241,36,4,472.51
424,242,31,3,36.59
425,242,28,4,278.44
426,243,52,3,423.92
427,243,76,2,436.03
428,244,124,3,189.82
429,244,4,1,409.19
430,245,39,1,104.72
431,245,20,1,136.87
432,246,76,3,466.71
433,247,75,3,301.90
434,247,81,4,295.31
435,247,25,1,332.11
436,248,85,3,257.30
437,248,160,3,232.60
438,249,47,1,156.16
439,249,117,3,118.44
440,250,167,2,293.30
441,250,179,1,469.09
442,251,152,4,231.84
443,252,98,3,467.58
444,253,187,2,189.97
445,253,125,1,280.12
446,253,113,1,313.83
447,254,174,5,494.60
448,255,172,3,269.53
449,256,111,2,334.99
450,256,170,4,428.03
451,257,157,1,309.15
452,257,41,5,207.89
453,257,127,2,252.76
454,258,72,1,70.50
455,259,61,1,31.45
456,260,128,4,215.95
457,261,104,4,188.04
458,262,155,5,94.39
459,262,131,5,347.35
460,263,94,1,120.81
461,263,117,3,113.66
462,263,159,5,475.31
463,264,30,1,237.35
464,264,57,1,405.46
465,265,75,5,289.49
466,265,180,1,292.29
467,265,43,4,42.52
468,266,157,2,318.20
469,267,49,3,221.09
470,268,173,5,306.65
471,268,116,4,354.18
472,268,130,2,94.73
473,269,142,4,337.83
474,269,124,5,206.46
475,270,45,2,149.74
476,270,169,5,447.03
477,271,108,5,356.91
478,271,196,2,424.80
479,271,88,3,76.80
480,272,180,5,304.53
481,273,183,5,464.63
482,273,52,2,418.90
483,273,75,3,307.21
484,274,46,5,280.97
485,274,164,3,390.07
486,275,150,5,430.56
487,275,182,4,194.62
488,276,109,1,415.13
489,277,172,1,256.33
490,278,175,3,88.04
491,278,16,3,444.48
492,278,139,1,19.25
493,278,116,1,351.93
494,279,191,5,357.76
495,279,131,3,374.55
496,279,13,4,420.43
497,280,142,1,297.04
498,281,200,4,196.74
499,281,163,3,225.03
500,282,186,2,248.83
501,283,45,5,150.12
502,284,68,2,117.76
503,285,120,2,21.37
504,286,199,5,442.75
505,286,78,4,453.08
506,287,182,3,190.28
507,288,130,2,87.28
508,288,138,4,303.25
509,289,85,3,234.88
510,289,193,5,160.54
511,290,172,3,266.49
512,291,160,2,235.32
513,291,175,3,91.40
514,292,139,3,18.24
515,293,131,4,363.01
516,293,76,2,456.31
517,294,198,5,424.20
518,295,162,2,325.63
519,296,180,4,321.34
520,297,40,1,273.59
521,297,85,1,227.19
522,298,143,1,351.81
523,298,59,3,44.55
524,299,81,1,280.01
525,300,185,5,77.19
526,301,19,3,368.88
527,302,78,5,406.15
528,302,196,4,432.10
529,303,41,5,188.80
530,304,140,3,318.06
531,304,37,3,312.93
532,305,3,5,448.53
533,306,147,5,357.93
534,307,192,3,71.35
535,308,37,2,289.81
536,308,158,3,198.61
537,308,47,5,167.18
538,309,141,1,222.94
539,310,186,5,256.46
540,311,168,2,437.03
541,312,82,4,154.49
542,312,158,3,214.61
543,312,40,5,278.15
544,313,44,1,337.41
545,313,57,4,401.32
546,313,93,2,85.54
547,314,92,3,447.41
548,315,21,3,316.42
549,315,36,5,428.64
550,316,20,1,135.78
551,317,149,4,304.76
552,317,55,1,478.41
553,318,199,2,411.87
554,319,75,2,286.95
555,319,131,1,357.98
556,320,158,2,216.65
557,320,36,4,426.07
558,321,38,4,59.25
559,321,11,2,56.36
560,322,60,1,197.37
561,323,117,1,104.65
562,324,134,3,200.11
563,325,45,4,163.23
564,325,94,5,117.91
565,326,97,2,352.19
566,326,91,3,289.44
567,327,36,4,426.51
568,328,55,2,451.78
569,328,93,5,86.02
570,329,85,1,241.89
571,330,42,4,253.06
572,331,42,2,278.57
573,331,11,5,51.24
574,332,133,4,165.78
575,332,145,1,252.49
576,332,187,3,203.57
577,333,121,4,354.49
578,333,106,5,49.14
579,334,131,3,345.16
580,334,176,3,226.38
581,335,97,4,331.42
582,336,130,4,92.86
583,336,156,1,320.00
584,337,137,5,110.83
585,337,24,4,168.66
586,338,1,4,218.62
587,338,95,1,454.00
588,339,124,4,193.35
589,339,190,5,125.69
590,339,35,3,92.46
591,340,140,4,285.97
592,341,2,5,95.57
593,341,134,1,186.65
594,342,105,3,251.17
595,342,110,5,270.64
596,343,94,5,111.22
597,344,106,5,54.27
598,344,124,2,193.95
599,345,79,5,324.75
600,346,169,1,456.61
601,346,115,2,79.64
602,347,141,5,237.35
603,347,181,1,342.60
604,348,24,2,163.90
605,349,68,2,121.78
606,350,103,5,405.40
607,350,74,5,431.88
608,351,113,1,320.99
609,351,169,5,425.36
610,352,179,2,444.47
611,352,173,1,318.50
612,353,23,3,138.17
613,353,91,4,285.80
614,353,52,5,380.40
615,353,181,1,384.78
616,354,144,5,88.34
617,354,71,2,122.15
618,355,148,1,182.32
619,355,105,5,251.17
620,355,19,5,335.13
621,356,66,5,297.76
622,356,148,3,194.93
623,357,198,2,438.77
624,357,199,4,432.30
625,358,124,1,190.53
626,358,98,2,472.21
627,358,59,3,44.58
628,359,180,3,302.08
629,359,24,4,169.02
630,360,46,4,271.15
631,361,192,2,74.65
632,362,68,2,119.07
633,362,64,5,227.81
634,363,21,4,305.12
635,364,124,3,201.58
636,364,127,5,285.79
637,364,126,2,478.03
638,365,57,5,391.83
639,366,139,1,19.68
640,367,118,1,117.75
641,367,118,3,117.59
642,368,149,1,284.78
643,369,68,2,119.84
644,370,48,4,424.37
645,371,94,4,111.29
646,371,47,5,149.58
647,372,26,3,350.17
648,373,51,2,18.69
649,373,190,2,133.43
650,373,3,2,418.96
651,374,185,3,86.38
652,374,77,3,285.49
653,375,177,2,229.02
654,376,162,1,305.94
655,377,144,5,96.46
656,378,32,3,164.31
657,379,148,5,179.80
658,380,173,5,324.90
659,381,98,5,444.60
660,381,162,2,325.78
661,381,164,3,373.30
662,382,19,1,328.09
663,383,75,3,293.19
664,384,200,3,194.38
665,384,134,4,187.79
666,384,48,1,404.62
667,385,191,1,347.78
668,386,122,5,252.45
669,387,22,1,314.29
670,387,40,1,281.88
671,388,64,3,230.93
672,389,44,1,322.55
673,389,92,3,473.43
674,390,141,4,217.43
675,390,179,5,415.03
676,390,153,4,134.73
677,391,164,5,366.78
678,392,23,4,128.56
679,392,106,3,49.24
680,393,195,2,262.50
681,393,121,5,345.17
682,394,123,3,374.98
683,394,111,3,340.94
684,394,2,5,93.39
685,395,64,2,240.67
686,396,57,3,388.70
687,396,161,2,318.68
688,397,176,3,205.53
689,397,191,5,381.28
690,398,47,2,153.45
691,398,164,4,384.69
692,398,70,5,275.78
693,399,137,1,101.53
694,400,184,4,235.71
695,401,127,2,263.87
696,402,119,1,381.32
697,402,193,2,148.88
698,402,199,4,392.82
699,402,121,2,355.73
700,403,4,1,413.20
701,403,183,2,447.27
702,404,9,2,119.33
703,405,54,4,221.34
704,405,80,3,91.06
705,406,141,5,216.97
706,406,124,3,188.73
707,407,56,1,31.85
708,407,112,3,100.28
709,407,71,5,113.15
710,408,11,5,56.54
711,409,96,1,218.09
712,409,128,1,228.60
713,410,92,2,462.19
714,411,60,3,206.63
715,412,113,2,311.66
716,412,97,3,363.43
717,413,113,5,325.81
718,414,48,5,419.33
719,415,154,5,307.46
720,416,68,5,121.70
721,417,188,2,58.63
722,417,159,3,497.55
723,418,169,5,461.43
724,418,49,5,241.92
725,419,73,3,191.09
726,420,169,1,408.97
727,421,9,2,112.79
728,422,165,4,315.61
729,423,66,1,278.24
730,423,156,1,311.48
731,424,21,4,313.76
732,424,16,3,469.85
733,425,182,1,198.98
734,425,69,5,312.88
735,426,56,5,31.14
736,427,49,2,236.24
737,427,64,5,237.46
738,428,107,1,54.40
739,428,148,3,194.36
740,429,27,2,61.09
741,430,169,2,442.14
742,430,154,4,346.05
743,431,84,3,101.52
744,431,163,4,227.39
745,432,140,2,291.32
746,433,116,4,370.21
747,434,153,1,132.42
748,434,78,1,420.41
749,434,57,2,438.35
750,434,6,3,460.98
751,435,147,2,341.15
752,435,118,3,108.22
753,436,64,2,224.23
754,436,77,1,285.86
755,436,146,2,35.00
756,437,45,4,167.45
757,437,177,5,257.73
758,438,10,5,125.23
759,438,200,1,199.39
760,439,112,4,115.53
761,439,31,2,40.38
762,439,155,1,94.33
763,440,135,1,158.96
764,441,179,2,413.43
765,442,193,5,161.64
766,442,24,2,162.90
767,442,101,2,222.15
768,442,22,4,329.80
769,443,22,4,326.31
770,444,35,4,93.64
771,445,51,5,18.18
772,445,189,5,162.15
773,446,83,5,233.75
774,446,172,4,265.58
775,447,153,1,137.54
776,448,114,5,156.01
777,448,12,2,333.61
778,449,22,1,338.24
779,449,63,5,177.68
780,450,178,1,335.17
781,451,190,5,128.05
782,452,141,4,234.72
783,452,37,1,298.84
784,453,66,2,264.85
785,453,52,5,396.59
786,454,18,4,404.77
787,454,170,3,477.85
788,454,5,3,382.47
789,455,98,5,493.41
790,456,153,5,123.69
791,457,144,1,84.05
792,457,136,3,364.42
793,457,101,2,218.02
794,458,78,2,466.84
795,459,161,3,336.39
796,459,8,5,252.38
797,460,101,2,220.54
798,461,157,2,330.02
799,461,147,2,359.74
800,461,80,5,93.58
801,462,36,5,452.50
802,463,80,5,102.16
803,463,111,2,344.00
804,463,145,2,231.89
805,464,31,2,37.81
806,464,38,1,57.76
807,464,106,4,50.42
808,465,71,2,125.34
809,465,28,2,277.81
810,465,196,5,448.05
811,466,153,2,126.60
812,466,7,3,390.64
813,467,155,4,95.44
814,468,126,4,420.06
815,468,50,2,305.36
816,468,196,1,468.94
817,469,172,2,279.40
818,470,113,5,335.91
819,470,84,4,109.05
820,470,110,4,293.26
821,471,101,5,251.38
822,471,147,5,365.88
823,472,134,1,188.89
824,472,11,2,54.34
825,473,133,1,155.49
826,473,113,4,356.33
827,474,109,3,420.88
828,475,37,4,320.08
829,475,116,1,357.60
830,476,179,5,412.23
831,476,106,3,51.60
832,477,183,2,482.14
833,477,24,3,160.16
834,478,184,1,213.43
835,478,181,4,368.93
836,479,187,5,193.75
837,479,41,4,198.83
838,480,145,2,226.19
839,480,38,2,57.80
840,480,14,4,375.09
841,481,47,1,168.31
842,482,196,3,407.10
843,483,2,5,100.85
844,483,61,2,32.08
845,484,21,5,304.49
846,485,161,5,333.52
847,486,15,3,111.84
848,487,155,3,90.03
849,487,23,1,124.50
850,488,157,5,337.99
851,488,144,2,96.94
852,489,10,1,132.83
853,490,18,4,415.89
854,490,17,3,236.58
855,490,32,3,151.44
856,491,54,5,209.88
857,492,23,4,137.04
858,492,155,3,91.39
859,493,148,5,185.02
860,494,134,4,190.09
861,494,47,5,152.06
862,495,7,4,425.72
863,496,107,4,48.61
864,496,90,5,180.24
865,497,177,3,236.37
866,497,18,3,382.88
867,498,30,3,222.68
868,498,186,5,261.56
869,499,87,4,218.93
870,500,124,2,201.78
871,500,138,3,321.70
872,501,15,5,116.70
873,501,186,3,259.15
874,501,5,2,366.32
875,502,39,3,105.67
876,503,43,5,45.74
877,503,48,5,404.08
878,504,81,1,274.84
879,504,23,4,140.16
880,505,78,2,435.41
881,505,45,1,156.38
882,506,114,5,152.94
883,506,124,5,187.37
884,506,88,4,80.12
885,507,37,1,319.72
886,507,133,2,155.88
887,508,134,1,175.79
888,509,153,1,128.68
889,509,12,1,350.88
890,510,195,3,274.71
891,511,74,3,465.74
892,512,70,2,261.57
893,512,30,1,244.34
894,513,139,3,19.82
895,514,73,5,186.17
896,514,19,3,352.12
897,514,87,5,203.97
898,515,173,1,305.79
899,516,46,5,295.95
900,517,158,3,202.39
901,517,51,5,16.70
902,518,24,4,154.42
903,518,80,4,95.67
904,519,158,3,221.64
905,520,171,3,299.42
906,520,84,4,102.71
907,521,123,4,427.19
908,522,33,5,139.28
909,522,183,1,443.15
910,523,137,4,105.06
911,523,106,2,52.96
912,524,99,1,321.86
913,524,178,5,341.87
914,524,112,5,113.15
915,524,140,2,282.09
916,525,183,5,478.93
917,525,30,5,231.62
918,526,114,2,160.13
919,527,176,5,221.44
920,527,98,3,459.30
921,528,36,5,477.54
922,529,170,2,449.21
923,529,75,4,293.64
924,530,82,3,157.35
925,531,112,3,116.54
926,532,131,4,383.21
927,532,76,1,459.85
928,533,144,3,85.02
929,534,180,5,309.14
930,535,98,4,462.89
931,536,49,5,231.11
932,537,40,3,296.39
933,537,172,2,253.62
934,538,185,4,84.76
935,539,165,4,325.19
936,540,109,5,393.30
937,540,131,4,366.67
938,541,48,4,436.30
939,542,61,5,30.52
940,542,140,5,290.95
941,543,95,1,446.04
942,544,187,5,204.64
943,545,21,5,317.86
944,546,190,1,137.78
945,547,14,3,388.58
946,548,121,5,386.85
947,549,76,3,445.28
948,549,178,5,358.79
949,549,187,5,183.45
950,550,147,1,372.61
951,550,75,5,267.53
952,551,20,3,123.93
953,552,66,1,294.63
954,553,190,2,137.27
955,553,95,2,424.42
956,553,180,2,313.52
957,554,88,1,82.92
958,554,153,2,138.92
959,554,193,4,166.44
960,555,164,2,361.03
961,556,68,1,115.69
962,557,122,5,259.95
963,558,68,2,124.83
964,559,115,4,87.18
965,560,11,1,57.66
966,560,164,3,404.36
967,561,70,3,266.36
968,561,26,3,342.47
969,561,101,4,245.37
970,562,151,2,87.35
971,562,174,2,461.40
972,563,18,1,389.63
973,564,90,2,178.10
974,564,65,2,201.41
975,565,153,2,141.22
976,566,31,1,41.04
977,566,34,4,472.65
978,567,48,1,442.31
979,567,65,3,215.86
980,568,71,4,123.73
981,568,171,3,275.98
982,569,16,4,457.71
983,570,68,2,123.11
984,570,126,2,452.42
985,570,46,4,262.33
986,571,165,1,327.68
987,572,19,1,349.88
988,573,128,2,227.47
989,574,69,2,347.04
990,574,101,5,217.49
991,575,104,1,203.75
992,576,200,4,176.33
993,576,138,3,315.27
994,576,78,4,404.06
995,577,137,3,99.80
996,578,46,5,259.36
997,578,99,2,319.74
998,579,92,4,419.67
999,579,162,4,319.48
1000,580,185,5,79.42
1001,581,165,3,308.10
1002,581,116,1,321.13
1003,582,11,4,51.00
1004,582,168,5,462.71
1005,583,149,2,311.76
1006,584,5,4,384.68
1007,585,167,2,288.56
1008,586,25,4,365.36
1009,586,152,1,232.37
1010,586,28,1,291.85
1011,587,52,4,400.76
1012,588,31,5,39.18
1013,589,152,2,215.93
1014,589,31,3,36.76
1015,590,142,2,318.07
1016,590,149,1,276.13
1017,591,200,2,173.29
1018,591,125,1,244.28
1019,592,152,3,218.68
1020,592,198,4,434.54
1021,593,134,4,187.73
1022,593,45,5,164.16
1023,594,157,1,340.81
1024,594,78,3,428.32
1025,595,136,1,380.84
1026,596,119,2,378.07
1027,596,50,1,344.06
1028,597,41,1,183.76
1029,598,65,3,220.87
1030,599,190,1,142.74
1031,600,125,5,248.74
1032,600,61,4,32.10
1033,601,174,3,455.32
1034,602,61,4,33.45
1035,603,150,4,375.47
1036,604,157,4,317.71
1037,605,50,3,353.12
1038,606,178,5,322.12
1039,607,118,4,108.48
1040,607,88,2,81.96
1041,607,155,2,96.55
1042,608,148,5,199.61
1043,608,23,4,139.75
1044,608,126,2,451.14
1045,609,187,4,197.39
1046,610,149,2,310.28
1047,611,2,4,102.27
1048,611,11,4,56.13
1049,611,130,1,87.41
1050,612,179,1,433.54
1051,612,62,1,261.66
1052,613,56,2,32.48
1053,613,62,1,240.02
1054,614,118,5,118.61
1055,615,36,4,427.85
1056,616,181,1,381.51
1057,616,19,4,367.03
1058,617,110,3,289.88
1059,618,54,1,229.36
1060,618,86,1,93.06
1061,619,14,1,379.54
1062,620,94,2,117.82
1063,621,199,2,397.15
1064,621,86,2,93.42
1065,622,193,5,168.92
1066,622,180,2,326.49
1067,623,69,5,346.01
1068,624,89,4,334.98
1069,625,137,5,113.24
1070,626,173,1,309.92
1071,627,101,2,227.81
1072,628,71,1,123.82
1073,629,134,1,184.25
1074,629,175,5,99.29
1075,629,122,3,267.73
1076,630,49,1,217.99
1077,631,134,3,187.72
1078,631,88,3,77.19
1079,632,141,4,228.88
1080,632,146,2,35.85
1081,633,59,4,44.30
1082,633,74,1,438.36
1083,634,159,2,492.83
1084,634,74,2,497.18
1085,634,182,2,179.66
1086,635,148,2,187.56
1087,635,95,2,420.62
1088,635,182,1,194.37
1089,635,89,2,329.13
1090,636,32,1,153.24
1091,636,128,2,237.55
1092,637,190,5,143.79
1093,638,122,3,290.64
1094,638,194,5,423.09
1095,639,114,3,169.80
1096,639,188,4,58.78
1097,640,79,1,327.68
1098,640,57,4,406.49
1099,641,50,5,330.38
1100,641,197,3,339.84
1101,642,174,1,509.83
1102,642,101,2,235.13
1103,643,15,3,118.52
1104,643,184,4,223.18
1105,644,90,3,184.78
1106,645,187,4,197.54
1107,646,187,4,197.16
1108,647,154,1,306.63
1109,647,78,4,466.33
1110,648,152,4,207.51
1111,649,107,2,52.71
1112,649,182,5,196.98
1113,649,36,2,427.92
1114,650,11,3,56.97
1115,650,78,4,437.69
1116,651,1,2,209.93
1117,652,121,1,382.25
1118,652,74,4,440.58
1119,653,8,1,245.68
1120,653,127,1,274.56
1121,654,112,3,110.50
1122,655,96,5,234.99
1123,655,5,3,343.23
1124,656,178,2,337.95
1125,657,163,3,201.49
1126,658,20,5,122.78
1127,658,161,2,330.81
1128,659,81,3,274.84
1129,659,179,3,409.58
1130,660,4,2,386.16
1131,660,96,4,223.79
1132,661,40,5,263.51
1133,662,135,5,168.85
1134,662,180,1,310.26
1135,663,34,1,460.09
1136,664,114,5,165.59
1137,665,78,1,450.05
1138,666,178,2,355.53
1139,667,21,4,308.67
1140,668,199,4,437.20
1141,669,169,5,446.15
1142,670,12,1,339.10
1143,670,3,1,442.50
1144,670,155,2,93.68
1145,671,8,1,223.19
1146,671,192,3,79.82
1147,672,129,5,445.46
1148,673,149,1,293.93
1149,674,44,5,320.90
1150,674,186,1,273.74
1151,674,130,4,86.61
1152,675,28,2,307.01
1153,676,59,4,42.50
1154,677,134,2,190.19
1155,678,185,1,77.43
1156,679,117,5,116.71
1157,680,105,3,287.30
1158,681,122,3,257.69
1159,681,173,4,334.14
1160,681,102,4,304.59
1161,682,102,4,312.63
1162,683,51,3,17.04
1163,684,109,4,399.59
1164,685,194,4,403.37
1165,685,171,5,306.53
1166,686,197,4,335.03
1167,687,161,2,294.87
1168,688,128,1,238.38
1169,688,98,5,472.38
1170,689,25,1,368.11
1171,689,134,4,198.88
1172,690,126,5,428.56
1173,690,88,5,77.91
1174,691,31,4,38.60
1175,691,97,4,349.12
1176,691,9,2,121.10
1177,691,200,3,198.32
1178,692,80,4,95.92
1179,693,169,5,452.39
1180,693,147,4,362.51
1181,694,101,3,235.28
1182,694,97,5,360.84
1183,695,8,5,219.55
1184,696,190,5,124.23
1185,697,25,4,350.65
1186,698,170,2,434.92
1187,699,177,1,259.59
1188,699,30,3,216.65
1189,700,169,4,444.45
1190,701,179,4,442.64
1191,702,83,5,234.06
1192,702,126,1,457.94
1193,703,196,3,417.56
1194,704,52,4,419.62
1195,704,20,5,123.18
1196,704,68,1,120.37
1197,705,160,1,227.17
1198,705,149,1,296.77
1199,706,136,4,369.81
1200,706,89,1,343.52
1201,707,111,5,326.28
1202,707,107,4,50.26
1203,708,141,2,243.86
1204,708,161,5,335.61
1205,709,191,4,350.99
1206,710,197,4,380.37
1207,710,187,1,191.12
1208,711,39,3,105.72
1209,712,17,2,250.30
1210,712,69,3,344.24
1211,712,66,5,272.54
1212,713,8,2,246.86
1213,714,112,4,110.81
1214,715,35,1,89.34
1215,716,46,1,299.06
1216,716,125,1,246.27
1217,717,77,1,300.22
1218,718,24,4,175.84
1219,718,186,2,246.54
1220,719,134,5,203.48
1221,719,135,3,163.42
1222,719,24,2,167.15
1223,720,150,4,422.07
1224,721,56,2,31.19
1225,721,55,3,470.22
1226,721,66,5,264.67
1227,722,29,3,286.41
1228,722,122,2,290.38
1229,723,184,3,239.01
1230,724,156,1,354.40
1231,724,170,1,465.76
1232,724,172,2,258.53
1233,725,180,3,333.74
1234,725,176,1,213.71
1235,726,101,3,228.26
1236,727,42,4,278.65
1237,728,9,3,126.82
1238,729,106,3,53.74
1239,730,179,3,437.16
1240,730,91,4,294.58
1241,731,117,1,117.16
1242,731,165,2,314.29
1243,732,103,2,403.70
1244,733,41,2,197.80
1245,734,153,4,138.01
1246,734,82,4,155.15
1247,735,176,5,223.26
1248,736,107,3,49.70
1249,737,147,2,337.03
1250,737,6,5,442.86
1251,737,161,2,337.77
1252,738,180,2,292.49
1253,739,39,1,107.48
1254,739,44,5,326.94
1255,740,117,4,106.01
1256,741,69,3,349.44
1257,742,53,5,461.28
1258,743,49,4,223.72
1259,743,38,1,53.71
1260,744,64,3,235.94
1261,744,166,4,140.69
1262,745,178,4,355.46
1263,745,183,4,469.95
1264,745,189,5,162.41
1265,746,86,2,92.43
1266,747,154,1,299.72
1267,747,130,5,86.80
1268,747,102,3,286.35
1269,748,46,3,264.96
1270,749,34,1,448.57
1271,749,136,4,353.39
1272,749,30,3,212.24
1273,750,72,3,75.04
1274,750,73,3,197.15
1275,750,195,3,269.67
1276,751,126,2,448.68
1277,752,113,1,320.33
1278,752,14,2,367.66
1279,753,120,4,21.64
1280,754,92,5,447.28
1281,755,38,1,54.21
1282,755,53,3,458.69
1283,756,145,5,228.04
1284,756,2,5,99.15
1285,757,64,4,239.31
1286,757,85,1,234.53
1287,757,175,1,91.59
1288,758,40,1,257.58
1289,758,182,4,188.20
1290,759,2,3,102.12
1291,759,168,5,497.99
1292,760,13,3,416.19
1293,761,155,4,86.64
1294,761,66,2,272.72
1295,762,54,2,221.32
1296,763,168,2,438.51
1297,763,126,4,461.02
1298,764,155,2,90.43
1299,764,25,3,359.91
1300,764,126,4,471.25
1301,765,109,1,430.01
1302,765,95,5,419.34
1303,766,132,3,324.99
1304,767,183,2,485.51
1305,767,135,5,153.04
1306,768,123,3,383.68
1307,769,64,5,230.38
1308,769,146,1,34.05
1309,769,12,5,328.66
1310,770,170,5,474.26
1311,771,197,5,330.00
1312,771,190,4,127.38
1313,772,107,3,50.76
1314,773,116,5,362.13
1315,773,88,2,73.92
1316,774,173,1,322.21
1317,775,4,2,394.32
1318,776,169,5,455.13
1319,777,158,3,214.52
1320,777,177,4,257.16
1321,778,49,1,246.72
1322,779,54,4,230.33
1323,779,167,2,308.78
1324,779,161,5,302.75
1325,780,109,1,389.27
1326,781,114,4,164.28
1327,781,116,5,332.06
1328,782,101,1,229.45
1329,782,27,4,62.77
1330,783,153,5,142.20
1331,783,10,4,125.59
1332,784,174,4,455.46
1333,784,16,5,431.23
1334,785,69,4,356.83
1335,785,30,4,232.56
1336,786,112,1,102.72
1337,787,113,2,336.83
1338,788,155,4,87.19
1339,789,107,3,54.64
1340,790,73,1,198.76
1341,790,34,2,440.21
1342,791,107,4,50.68
1343,792,5,3,383.22
1344,793,129,1,485.78
1345,794,59,1,45.62
1346,795,91,1,302.07
1347,795,143,3,369.01
1348,795,177,5,249.59
1349,795,27,1,62.30
1350,796,194,1,442.63
1351,796,157,5,348.78
1352,796,27,5,54.34
1353,797,53,3,456.94
1354,797,75,4,300.14
1355,798,94,3,120.85
1356,799,107,1,50.21
1357,800,130,2,82.78
1358,801,171,2,271.31
1359,802,59,2,47.29
1360,803,133,3,174.43
1361,803,114,2,171.86
1362,803,184,5,243.29
1363,804,198,2,417.77
1364,805,165,2,327.20
1365,805,15,5,129.18
1366,806,180,5,332.31
1367,806,185,3,87.96
1368,806,3,3,450.19
1369,807,115,2,89.91
1370,807,160,5,224.95
1371,808,167,4,325.08
1372,808,78,1,402.84
1373,808,86,4,96.06
1374,809,139,3,18.81
1375,809,131,5,353.25
1376,810,8,5,239.43
1377,811,130,1,91.58
1378,811,96,3,231.30
1379,812,167,1,309.40
1380,813,61,5,31.97
1381,814,153,2,129.02
1382,814,73,5,198.92
1383,815,64,1,226.80
1384,815,150,2,423.13
1385,816,183,4,478.35
1386,817,34,4,441.29
1387,818,104,5,204.33
1388,818,200,4,197.96
1389,819,113,4,348.43
1390,819,107,2,49.40
1391,820,34,5,487.34
1392,820,31,2,38.64
1393,821,95,1,447.49
1394,821,105,1,251.76
1395,821,147,3,338.13
1396,822,96,3,219.67
1397,823,151,4,81.04
1398,824,56,2,34.83
1399,824,126,1,419.02
1400,824,90,1,181.95
1401,825,145,4,253.29
1402,825,97,4,369.38
1403,826,36,5,459.08
1404,827,39,3,94.06
1405,827,160,5,216.75
1406,828,12,4,362.47
1407,829,182,1,191.64
1408,829,198,3,426.01
1409,829,32,5,145.60
1410,830,194,1,441.52
1411,830,134,2,197.65
1412,831,137,2,114.27
1413,832,181,5,358.37
1414,833,103,5,368.18
1415,833,6,3,428.86
1416,834,82,4,149.85
1417,834,30,1,229.71
1418,834,74,2,440.81
1419,835,105,2,249.21
1420,836,183,1,441.20
1421,837,83,3,244.72
1422,838,62,5,262.76
1423,839,99,1,318.24
1424,839,82,4,156.94
1425,840,163,2,230.31
1426,841,151,1,83.69
1427,841,143,2,337.35
1428,842,163,5,206.65
1429,843,44,2,349.40
1430,844,1,4,233.34
1431,845,43,1,41.96
1432,845,124,3,200.89
1433,846,90,2,174.39
1434,847,190,5,135.28
1435,848,32,2,160.91
1436,849,130,3,93.65
1437,850,193,4,154.21
1438,850,170,3,441.46
1439,851,178,2,353.31
1440,852,3,2,418.41
1441,853,196,4,442.72
1442,853,167,1,313.72
1443,854,32,3,166.82
1444,855,46,1,263.03
1445,856,57,1,432.13
1446,857,24,5,167.79
1447,858,127,3,251.17
1448,859,54,1,214.66
1449,859,164,4,355.23
1450,860,44,5,331.03
1451,860,190,5,137.53
1452,861,151,2,90.38
1453,862,59,5,46.78
1454,862,71,2,126.61
1455,862,6,5,440.68
1456,863,1,4,222.61
1457,863,167,1,328.84
1458,863,83,4,262.72
1459,864,133,4,163.17
1460,865,58,1,300.03
1461,865,108,5,332.81
1462,865,2,4,90.76
1463,866,189,2,181.14
1464,866,109,1,440.22
1465,867,17,1,220.39
1466,868,161,3,334.52
1467,868,64,1,232.02
1468,869,86,5,97.05
1469,869,19,5,352.45
1470,870,149,1,273.98
1471,870,16,1,456.91
1472,871,33,1,157.91
1473,872,161,4,296.64
1474,873,76,4,462.19
1475,873,159,4,457.68
1476,874,117,4,112.00
1477,874,110,5,286.47
1478,875,7,4,418.77
1479,875,151,2,81.84
1480,875,4,5,397.72
1481,876,33,5,142.78
1482,876,108,4,347.04
1483,876,114,2,158.48
1484,877,80,5,95.16
1485,878,80,5,101.80
1486,878,199,2,397.73
1487,879,95,1,441.80
1488,880,61,5,33.20
1489,881,51,2,18.25
1490,882,171,4,295.27
1491,883,149,5,313.48
1492,883,158,3,205.80
1493,884,11,4,51.84
1494,885,59,4,46.05
1495,886,85,4,231.58
1496,886,48,1,420.33
1497,887,30,2,220.89
1498,888,196,3,409.25
1499,888,8,2,225.09
1500,889,185,2,80.71
1501,889,142,2,305.22
1502,889,6,2,455.90
1503,890,174,2,466.20
1504,891,54,3,223.67
1505,892,135,5,173.11
1506,892,183,1,428.62
1507,893,50,5,322.88
1508,893,96,3,230.34
1509,894,196,5,446.05
1510,894,138,3,337.98
1511,894,84,2,95.84
1512,895,131,5,385.35
1513,895,54,1,235.05
1514,895,170,5,422.20
1515,896,166,5,147.36
1516,896,133,4,155.22
1517,897,124,4,197.11
1518,897,149,4,298.85
1519,898,54,2,238.87
1520,898,116,2,340.22
1521,899,147,2,388.24
1522,899,96,3,228.63
1523,899,35,1,89.86
1524,900,11,4,54.28
1525,901,111,4,329.08
1526,902,7,2,413.91
1527,903,22,3,343.41
1528,904,71,2,112.75
1529,904,19,3,321.50
1530,905,85,3,235.22
1531,906,49,5,253.31
1532,906,193,5,169.93
1533,907,89,4,358.72
1534,908,4,4,394.21
1535,908,195,2,284.09
1536,909,54,4,215.96
1537,909,151,5,90.54
1538,910,22,3,343.57
1539,911,113,4,354.70
1540,912,33,3,158.46
1541,913,91,3,277.78
1542,913,109,4,430.41
1543,914,151,1,87.99
1544,915,85,5,247.43
1545,916,101,4,224.76
1546,916,101,1,236.72
1547,917,146,4,34.51
1548,918,173,5,309.38
1549,919,7,2,398.32
1550,919,99,3,315.02
1551,920,117,1,110.35
1552,920,3,2,412.77
1553,921,29,2,286.00
1554,922,53,2,509.88
1555,923,171,4,271.63
1556,923,148,3,191.82
1557,924,52,1,442.11
1558,925,155,2,92.80
1559,925,146,4,33.58
1560,926,74,4,452.51
1561,926,183,3,447.72
1562,927,46,5,289.16
1563,928,47,5,148.72
1564,928,179,1,419.24
1565,928,41,3,208.91
1566,929,18,2,419.86
1567,929,106,5,48.97
1568,930,130,3,87.20
1569,930,43,3,42.98
1570,931,164,4,370.93
1571,932,102,1,280.68
1572,932,30,2,222.18
1573,932,192,4,74.49
1574,933,63,4,157.51
1575,933,72,2,66.86
1576,934,76,1,471.79
1577,935,196,1,452.15
1578,936,56,1,35.20
1579,937,13,5,437.11
1580,938,100,3,92.80
1581,938,154,1,301.89
1582,938,97,2,374.48
1583,939,5,4,335.72
1584,940,175,1,89.10
1585,940,25,2,371.59
1586,941,84,3,103.89
1587,941,49,5,224.69
1588,942,31,2,37.19
1589,942,92,3,425.79
1590,942,103,3,366.17
1591,943,169,3,449.99
1592,944,56,4,32.19
1593,945,27,5,61.08
1594,945,146,2,32.49
1595,945,25,5,349.50
1596,945,162,4,316.75
1597,946,45,3,171.19
1598,947,5,5,384.96
1599,948,190,2,134.05
1600,948,181,1,346.60
1601,949,189,4,175.41
1602,950,96,4,219.76
1603,951,10,2,135.87
1604,952,85,2,234.30
1605,952,165,1,309.11
1606,953,193,1,153.13
1607,953,188,3,54.03
1608,954,171,2,299.97
1609,955,98,5,447.09
1610,955,114,1,153.95
1611,956,14,2,412.56
1612,956,33,1,140.90
1613,956,141,2,221.02
1614,957,80,2,99.38
1615,957,63,4,158.43
1616,958,115,2,81.88
1617,959,93,4,81.67
1618,960,157,4,347.66
1619,961,98,4,484.74
1620,962,40,5,284.92
1621,962,66,4,282.49
1622,963,156,4,314.53
1623,964,49,1,217.65
1624,965,107,4,56.04
1625,966,165,5,287.79
1626,967,32,4,165.86
1627,967,42,2,284.18
1628,967,66,3,284.50
1629,967,126,3,458.32
1630,968,189,2,162.05
1631,968,9,3,122.47
1632,968,174,1,489.48
1633,969,117,2,108.36
1634,970,42,1,257.02
1635,970,24,4,162.03
1636,970,151,1,87.34
1637,971,110,3,289.61
1638,972,98,5,446.12
1639,972,106,1,48.87
1640,973,69,2,358.95
1641,973,102,3,280.48
1642,974,18,4,396.54
1643,975,44,2,340.69
1644,975,181,2,344.68
1645,976,116,5,362.48
1646,976,48,2,400.26
1647,976,47,2,152.71
1648,977,160,1,232.26
1649,978,97,1,339.24
1650,979,123,4,416.39
1651,979,26,1,311.93
1652,980,11,1,51.77
1653,980,2,4,96.75
1654,981,122,3,275.41
1655,981,87,3,211.51
1656,981,88,3,81.13
1657,982,97,5,327.37
1658,982,92,3,469.43
1659,983,103,2,367.00
1660,983,32,5,150.25
1661,983,180,2,307.89
1662,984,122,5,267.44
1663,984,49,1,252.89
1664,985,93,1,89.25
1665,986,60,5,191.92
1666,986,190,5,140.04
1667,987,122,1,280.83
1668,987,76,5,447.27
1669,987,37,5,322.25
1670,988,128,1,215.45
1671,989,120,2,24.40
1672,989,30,4,233.96
1673,989,62,2,247.83
1674,989,193,1,150.09
1675,990,84,4,107.13
1676,991,172,1,275.58
1677,991,137,4,99.96
1678,992,148,5,176.60
1679,992,88,4,82.24
1680,992,191,4,372.61
1681,993,112,2,103.75
1682,993,30,3,213.77
1683,993,23,3,137.38
1684,994,30,5,223.60
1685,994,81,4,288.23
1686,995,138,2,340.84
1687,996,174,2,476.49
1688,996,155,5,88.48
1689,997,118,3,108.01
1690,997,76,2,469.27
1691,998,38,1,56.34
1692,998,80,5,103.36
1693,999,181,5,360.26
1694,999,56,4,32.13
1695,999,97,1,377.31
1696,999,86,2,97.53
1697,1000,14,2,407.71
1698,1000,187,4,184.58
1699,1001,41,1,198.76
1700,1001,87,4,211.39
1701,1001,90,4,169.25
1702,1002,50,5,323.67
1703,1003,149,1,308.39
1704,1003,182,3,188.30
1705,1004,179,4,422.69
1706,1005,192,2,77.37
1707,1006,148,1,194.47
1708,1006,38,4,59.34
1709,1007,15,1,117.75
1710,1007,122,2,289.62
1711,1008,152,4,237.55
1712,1008,161,4,305.40
1713,1009,78,5,464.07
1714,1010,172,1,280.22
1715,1010,167,4,301.08
1716,1011,31,1,36.40
1717,1012,131,2,337.06
1718,1012,147,5,362.71
1719,1013,47,4,158.20
1720,1013,166,4,145.61
1721,1014,183,5,433.27
1722,1015,143,5,362.97
1723,1016,150,5,416.36
1724,1017,193,2,171.24
1725,1018,154,2,299.72
1726,1019,33,5,141.64
1727,1020,193,1,149.58
1728,1020,32,5,150.70
1729,1021,169,1,422.81
1730,1022,76,5,465.31
1731,1022,148,4,194.96
1732,1022,134,3,193.42
1733,1023,170,1,434.19
1734,1023,49,2,228.04
1735,1024,155,5,88.39
1736,1024,92,3,422.68
1737,1024,160,4,205.41
1738,1025,42,4,271.28
1739,1026,178,2,347.44
1740,1026,19,3,372.46
1741,1027,96,5,232.35
1742,1028,108,2,325.97
1743,1028,112,4,100.46
1744,1029,32,5,146.19
1745,1030,164,1,369.87
1746,1031,58,3,287.22
1747,1032,27,1,55.54
1748,1033,126,1,446.86
1749,1033,180,5,331.92
1750,1034,13,2,415.85
1751,1034,193,4,151.94
1752,1035,137,5,108.24
1753,1035,104,4,205.37
1754,1035,67,1,294.06
1755,1036,37,4,307.79
1756,1036,69,1,358.35
1757,1037,64,5,230.04
1758,1037,118,2,113.19
1759,1038,71,4,120.56
1760,1038,184,2,220.92
1761,1039,105,3,281.56
1762,1039,163,1,202.43
1763,1039,62,1,245.97
1764,1040,142,4,336.33
1765,1040,3,4,435.63
1766,1041,132,5,312.15
1767,1042,191,1,375.98
1768,1042,180,5,326.32
1769,1043,136,5,347.67
1770,1043,115,2,87.13
1771,1043,196,5,467.48
1772,1044,35,5,90.70
1773,1045,44,3,372.50
1774,1046,139,1,19.04
1775,1047,1,5,214.32
1776,1048,165,5,323.56
1777,1048,10,4,135.26
1778,1048,125,1,258.48
1779,1049,91,1,267.94
1780,1050,3,1,419.56
1781,1051,40,4,259.39
1782,1051,125,1,250.35
1783,1052,102,3,294.15
1784,1053,69,1,362.02
1785,1053,169,4,416.96
1786,1054,182,2,178.19
1787,1055,108,3,356.14
1788,1056,123,3,381.82
1789,1057,175,2,90.59
1790,1058,190,4,126.39
1791,1058,28,1,275.18
1792,1059,176,2,197.92
1793,1060,153,1,130.73
1794,1061,195,4,258.53
1795,1062,72,1,74.37
1796,1063,110,2,280.18
1797,1063,27,5,59.46
1798,1064,39,2,94.54
1799,1064,103,1,382.12
1800,1065,158,2,195.29
1801,1066,79,2,318.48
1802,1067,110,1,272.84
1803,1068,90,4,165.44
1804,1069,1,1,223.26
1805,1070,72,5,66.10
1806,1071,94,3,111.73
1807,1071,25,1,369.32
1808,1071,198,2,411.09
1809,1072,151,5,88.49
1810,1072,61,3,30.24
1811,1073,34,5,434.59
1812,1073,151,2,82.97
1813,1073,115,1,79.30
1814,1074,186,4,276.33
1815,1075,12,2,333.18
1816,1075,141,3,244.24
1817,1076,94,4,117.50
1818,1076,31,4,36.32
1819,1076,108,5,357.71
1820,1076,129,1,440.12
1821,1077,75,1,308.74
1822,1077,16,2,482.94
1823,1077,102,4,312.15
1824,1078,43,4,46.74
1825,1078,99,5,344.13
1826,1078,103,5,381.97
1827,1078,48,1,406.93
1828,1079,132,4,303.11
1829,1079,185,5,79.68
1830,1080,69,5,316.95
1831,1081,75,1,294.71
1832,1081,72,2,67.94
1833,1082,64,2,234.21
1834,1082,1,3,222.33
1835,1083,181,5,348.35
1836,1084,76,3,504.32
1837,1084,161,1,333.71
1838,1084,57,3,394.93
1839,1085,200,5,175.90
1840,1085,191,4,388.94
1841,1086,142,2,336.75
1842,1086,57,3,400.82
1843,1087,193,4,151.33
1844,1087,60,4,188.49
1845,1088,47,4,150.90
1846,1089,126,2,454.97
1847,1090,46,4,287.19
1848,1091,110,2,279.36
1849,1092,135,2,169.21
1850,1093,97,4,325.40
1851,1093,4,1,363.29
1852,1094,161,5,294.08
1853,1095,28,5,302.58
1854,1095,87,1,196.33
1855,1095,123,5,430.10
1856,1096,123,2,389.62
1857,1097,140,1,275.15
1858,1098,27,5,61.94
1859,1098,107,2,48.25
1860,1099,99,2,322.50
1861,1100,176,4,218.68
1862,1100,184,1,227.46
1863,1100,29,2,266.98
1864,1101,158,3,196.17
1865,1102,155,2,87.85
1866,1102,136,3,379.73
1867,1102,174,4,449.49
1868,1103,74,3,490.20
1869,1104,68,1,129.77
1870,1104,39,2,97.63
1871,1105,123,1,381.47
1872,1105,110,3,265.93
1873,1106,99,3,320.78
1874,1107,106,5,54.34
1875,1107,86,2,97.17
1876,1108,141,4,231.74
1877,1109,59,4,42.30
1878,1109,184,4,228.69
1879,1110,57,1,398.67
1880,1110,1,2,234.44
1881,1111,35,1,86.50
1882,1111,90,3,181.37
1883,1112,37,5,326.73
1884,1113,58,1,322.45
1885,1114,97,1,361.90
1886,1114,109,3,385.30
1887,1115,123,5,428.73
1888,1115,8,2,231.17
1889,1116,146,4,31.96
1890,1117,192,5,76.95
1891,1117,77,4,278.94
1892,1118,178,1,334.20
1893,1118,40,1,291.47
1894,1119,129,2,428.98
1895,1119,109,4,417.13
1896,1120,129,3,478.83
1897,1120,109,2,399.16
1898,1120,24,5,161.52
1899,1121,103,5,368.85
1900,1121,101,2,247.16
1901,1122,20,4,128.40
1902,1122,168,4,489.14
1903,1123,166,4,143.21
1904,1123,28,1,273.01
1905,1124,73,2,195.02
1906,1125,194,3,392.69
1907,1125,52,1,394.63
1908,1126,145,4,221.92
1909,1126,81,1,304.29
1910,1127,102,5,289.28
1911,1127,193,4,165.34
1912,1128,25,3,354.09
1913,1128,190,5,125.76
1914,1129,98,4,465.81
1915,1130,39,4,93.90
1916,1131,60,2,201.48
1917,1131,168,2,484.95
1918,1131,42,5,273.81
1919,1132,197,3,353.65
1920,1132,34,3,446.69
1921,1133,183,4,437.07
1922,1134,40,5,280.73
1923,1135,37,3,306.83
1924,1135,23,4,124.20
1925,1136,42,1,263.89
1926,1136,94,3,107.92
1927,1136,46,4,268.75
1928,1137,114,2,176.16
1929,1137,146,4,31.39
1930,1138,159,2,472.94
1931,1139,96,1,233.22
1932,1139,130,4,85.20
1933,1139,175,1,94.83
1934,1140,63,5,154.11
1935,1140,27,3,57.34
1936,1141,58,4,328.53
1937,1141,172,1,262.49
1938,1141,120,5,24.42
1939,1142,188,1,58.93
1940,1143,52,4,400.22
1941,1143,82,3,167.56
1942,1144,122,1,261.82
1943,1144,10,5,120.80
1944,1145,82,5,144.44
1945,1145,154,4,302.57
1946,1146,122,2,252.46
1947,1146,6,4,417.72
1948,1147,18,3,389.25
1949,1148,108,5,320.69
1950,1149,14,1,409.98
1951,1150,77,2,269.68
1952,1150,108,4,334.18
1953,1150,177,2,263.25
1954,1151,147,4,381.94
1955,1151,144,5,86.26
1956,1151,186,5,261.58
1957,1152,188,3,51.23
1958,1152,118,2,114.25
1959,1152,82,1,162.66
1960,1152,173,4,313.64
1961,1153,33,4,151.52
1962,1153,149,1,271.77
1963,1153,191,2,359.52
1964,1153,140,2,301.65
1965,1154,49,5,251.76
1966,1155,79,5,349.05
1967,1156,117,4,111.07
1968,1157,196,3,413.96
1969,1158,46,5,283.22
1970,1159,169,4,448.92
1971,1160,26,1,350.27
1972,1160,27,1,59.81
1973,1160,158,4,195.70
1974,1161,26,4,334.70
1975,1161,9,3,126.55
1976,1161,55,2,494.86
1977,1162,121,1,364.83
1978,1163,166,4,138.88
1979,1164,69,3,326.70
1980,1164,107,2,48.27
1981,1165,7,2,436.33
1982,1166,154,3,316.18
1983,1166,147,4,349.41
1984,1167,165,4,323.69
1985,1168,163,4,232.43
1986,1169,133,2,161.71
1987,1169,26,2,334.74
1988,1169,162,5,321.80
1989,1170,142,2,343.26
1990,1170,53,1,452.21
1991,1170,112,1,110.51
1992,1171,182,5,201.80
1993,1172,191,2,391.06
1994,1173,48,2,439.47
1995,1173,57,3,396.03
1996,1174,97,3,359.91
1997,1174,71,1,128.22
1998,1175,149,1,275.12
1999,1175,153,1,124.08
2000,1176,24,1,164.47
2001,1176,93,2,81.84
2002,1176,126,1,438.97
2003,1177,176,4,208.49
2004,1178,42,2,264.67
2005,1178,46,5,284.78
2006,1178,9,1,128.84
2007,1179,154,5,299.71
2008,1179,134,3,202.80
2009,1179,50,5,305.23
2010,1179,6,5,433.84
2011,1180,30,2,211.73
2012,1180,36,2,420.83
2013,1180,178,2,333.18
2014,1181,90,5,176.16
2015,1181,120,4,22.77
2016,1181,103,2,380.67
2017,1182,184,3,243.93
2018,1182,27,5,61.10
2019,1183,53,4,477.45
2020,1184,70,3,281.34
2021,1184,156,4,333.04
2022,1185,162,1,305.91
2023,1186,65,5,213.96
2024,1186,155,5,90.33
2025,1186,8,1,224.44
2026,1187,92,2,418.83
2027,1187,169,3,431.18
2028,1188,82,1,160.86
2029,1189,83,2,251.87
2030,1189,99,3,335.12
2031,1190,72,5,75.26
2032,1191,166,4,154.48
2033,1192,51,2,16.62
2034,1192,127,4,251.59
2035,1193,116,2,351.15
2036,1194,6,3,400.93
2037,1195,119,3,369.32
2038,1195,104,1,214.83
2039,1195,136,1,364.64
2040,1195,5,1,360.33
2041,1196,71,3,124.87
2042,1196,103,1,399.33
2043,1197,101,3,242.59
2044,1197,117,4,118.66
2045,1198,159,1,442.72
2046,1198,13,1,404.05
2047,1199,58,2,290.96
2048,1199,186,3,269.47
2049,1200,14,3,409.29
2050,1200,12,1,325.45
2051,1200,78,1,417.97
2052,1201,98,3,473.75
2053,1201,36,5,446.92
2054,1202,193,5,169.33
2055,1202,106,4,53.34
2056,1202,134,5,182.71
2057,1203,72,3,73.38
2058,1204,197,3,368.12
2059,1205,63,2,171.74
2060,1205,20,4,120.13
2061,1206,99,2,329.32
2062,1207,195,5,269.54
2063,1207,81,3,293.99
2064,1208,28,2,279.34
2065,1208,94,4,123.62
2066,1209,200,4,178.25
2067,1209,72,4,66.79
2068,1210,38,4,58.71
2069,1210,191,1,349.46
2070,1211,8,4,241.95
2071,1212,141,1,225.20
2072,1213,111,5,327.33
2073,1214,13,4,443.10
2074,1215,104,2,205.43
2075,1216,111,1,345.29
2076,1217,57,1,387.03
2077,1217,10,5,122.97
2078,1217,17,5,223.06
2079,1218,104,4,199.16
2080,1218,57,3,415.29
2081,1219,74,5,448.32
2082,1220,180,5,313.13
2083,1221,81,1,270.25
2084,1222,4,4,380.82
2085,1223,20,2,132.40
2086,1223,3,5,414.43
2087,1223,122,5,250.25
2088,1223,64,4,218.97
2089,1224,75,2,289.63
2090,1224,43,2,46.91
2091,1225,86,4,92.72
2092,1225,90,5,165.71
2093,1226,4,3,373.30
2094,1227,153,4,124.20
2095,1227,176,5,220.03
2096,1228,57,2,406.47
2097,1228,8,2,238.88
2098,1228,179,4,427.29
2099,1228,191,1,346.84
2100,1229,71,5,127.56
2101,1229,116,5,328.46
2102,1230,85,4,245.91
2103,1231,11,5,54.35
2104,1232,117,5,120.73
2105,1233,3,4,451.95
2106,1234,134,3,193.93
2107,1234,171,2,278.02
2108,1235,4,4,357.89
2109,1235,73,5,182.55
2110,1236,91,1,269.94
2111,1237,129,5,439.27
2112,1237,23,3,125.19
2113,1237,188,2,54.79
2114,1238,9,4,128.05
2115,1239,109,4,443.40
2116,1239,26,3,356.15
2117,1240,112,3,113.44
2118,1241,65,2,214.17
2119,1241,52,3,398.72
2120,1242,119,5,372.47
2121,1242,112,1,102.34
2122,1242,114,3,165.10
2123,1243,91,4,288.53
2124,1244,144,1,96.82
2125,1245,158,3,217.60
2126,1245,149,5,286.92
2127,1246,76,1,487.72
2128,1246,101,2,231.96
2129,1246,2,4,99.74
2130,1247,14,1,360.02
2131,1248,153,1,138.60
2132,1249,16,1,482.92
2133,1249,173,5,337.51
2134,1250,37,5,315.89
2135,1251,173,2,315.55
2136,1252,160,2,206.77
2137,1252,1,2,221.36
2138,1253,53,1,480.44
2139,1254,15,1,116.72
2140,1255,140,3,311.73
2141,1255,175,4,98.25
2142,1256,163,1,206.03
2143,1257,131,5,346.98
2144,1258,26,5,334.16
2145,1259,179,1,434.31
2146,1260,73,4,182.46
2147,1261,9,5,119.03
2148,1261,91,2,288.59
2149,1262,41,3,197.32
2150,1263,181,5,355.39
2151,1264,91,5,282.85
2152,1264,184,2,219.98
2153,1265,101,1,250.55
2154,1266,121,5,382.55
2155,1267,199,5,404.97
2156,1267,179,3,442.70
2157,1267,149,3,296.44
2158,1268,8,2,226.32
2159,1269,174,4,462.16
2160,1270,45,4,165.74
2161,1271,65,1,201.53
2162,1272,96,5,231.45
2163,1273,179,4,428.51
2164,1274,51,3,17.84
2165,1274,174,3,454.99
2166,1275,136,2,350.18
2167,1276,25,2,333.41
2168,1276,36,1,439.93
2169,1276,105,5,269.27
2170,1277,187,5,190.35
2171,1278,122,5,264.89
2172,1278,159,5,503.23
2173,1279,161,4,336.16
2174,1280,133,3,153.26
2175,1281,139,3,18.23
2176,1282,65,4,223.75
2177,1282,18,2,423.47
2178,1282,20,5,130.34
2179,1283,129,3,456.69
2180,1283,15,5,124.08
2181,1283,29,5,283.14
2182,1284,9,3,118.60
2183,1284,52,3,435.59
2184,1285,188,3,58.98
2185,1286,19,5,367.61
2186,1287,19,4,351.31
2187,1288,123,2,391.29
2188,1288,11,1,50.31
2189,1288,130,2,90.47
2190,1289,59,1,48.19
2191,1290,98,1,463.42
2192,1290,14,4,402.30
2193,1291,110,5,265.63
2194,1292,95,3,419.84
2195,1292,112,1,104.00
2196,1292,24,5,152.21
2197,1293,4,2,403.61
2198,1293,20,1,121.45
2199,1294,90,5,176.25
2200,1295,102,4,310.89
2201,1296,140,2,296.80
2202,1297,57,4,429.23
2203,1297,94,5,111.52
2204,1297,168,2,467.61
2205,1298,129,1,432.06
2206,1298,106,5,51.89
2207,1299,134,2,184.60
2208,1299,142,2,302.46
2209,1299,186,2,238.62
2210,1300,196,4,470.81
2211,1301,70,3,279.87
2212,1301,77,1,263.63
2213,1302,5,4,355.58
2214,1303,48,4,431.54
2215,1304,196,3,469.74
2216,1305,87,3,215.57
2217,1305,152,2,230.31
2218,1306,110,1,294.61
2219,1307,174,3,501.25
2220,1307,137,4,105.43
2221,1307,185,5,86.17
2222,1308,120,2,21.70
2223,1308,4,3,402.83
2224,1308,71,1,129.40
2225,1309,147,4,338.03
2226,1310,65,5,200.69
2227,1311,68,2,123.17
2228,1311,5,4,334.66
2229,1312,143,2,342.91
2230,1313,157,5,324.71
2231,1314,197,3,343.34
2232,1315,45,2,168.57
2233,1316,168,1,443.07
2234,1317,11,5,55.99
2235,1317,16,3,499.74
2236,1318,91,5,299.76
2237,1318,154,2,316.91
2238,1319,131,1,349.03
2239,1320,175,4,86.96
2240,1321,84,5,107.47
2241,1322,96,4,242.31
2242,1322,76,5,435.44
2243,1322,95,1,426.43
2244,1323,156,2,352.66
2245,1324,183,3,486.16
2246,1324,97,5,326.04
2247,1325,167,1,333.70
2248,1326,148,5,196.09
2249,1326,138,1,340.87
2250,1327,169,5,441.22
2251,1327,82,3,148.36
2252,1328,85,2,253.74
2253,1328,93,2,82.67
2254,1328,192,1,76.88
2255,1329,91,5,290.28
2256,1330,155,2,91.70
2257,1330,108,2,339.03
2258,1331,63,4,171.20
2259,1331,171,2,291.33
2260,1331,74,3,450.16
2261,1332,38,5,55.45
2262,1333,117,1,106.85
2263,1333,108,3,349.15
2264,1333,183,4,472.36
2265,1334,7,2,449.14
2266,1334,34,5,487.60
2267,1335,91,2,285.67
2268,1335,143,2,359.14
2269,1335,31,3,41.28
2270,1336,158,1,224.25
2271,1336,12,1,362.62
2272,1337,162,4,319.73
2273,1337,112,3,112.66
2274,1337,180,2,325.54
2275,1338,131,1,344.29
2276,1338,2,5,96.60
2277,1338,173,4,319.48
2278,1339,151,3,93.05
2279,1339,25,2,348.01
2280,1340,135,5,163.71
2281,1340,110,3,273.64
2282,1341,11,2,53.60
2283,1341,72,5,74.54
2284,1341,81,1,278.17
2285,1342,125,4,253.11
2286,1343,67,5,297.00
2287,1343,60,3,181.75
2288,1343,53,5,507.53
2289,1344,11,5,54.50
2290,1345,7,3,398.59
2291,1346,114,5,155.51
2292,1347,184,1,225.80
2293,1347,111,4,323.68
2294,1347,36,3,465.66
2295,1348,191,2,376.72
2296,1348,84,2,103.02
2297,1349,132,1,312.57
2298,1349,81,1,281.94
2299,1350,82,2,163.85
2300,1350,170,1,483.76
2301,1351,151,4,92.07
2302,1352,121,2,372.53
2303,1353,51,1,19.10
2304,1354,18,4,398.53
2305,1355,108,3,341.30
2306,1356,90,4,172.94
2307,1357,60,3,197.35
2308,1357,126,4,451.57
2309,1357,140,4,287.68
2310,1358,194,3,407.40
2311,1358,115,3,81.56
2312,1358,109,1,393.07
2313,1359,89,4,346.27
2314,1359,199,4,442.55
2315,1360,176,2,197.17
2316,1360,69,5,321.92
2317,1361,198,3,406.57
2318,1362,114,4,162.43
2319,1363,187,2,185.77
2320,1364,105,2,270.34
2321,1365,161,1,339.77
2322,1366,155,5,85.60
2323,1367,24,3,175.06
2324,1367,197,5,332.58
2325,1368,138,2,347.72
2326,1369,184,2,220.40
2327,1370,56,5,34.39
2328,1371,6,5,406.57
2329,1372,73,3,179.60
2330,1373,70,1,289.42
2331,1374,190,3,141.45
2332,1375,181,4,334.79
2333,1375,191,5,369.86
2334,1376,101,2,247.48
2335,1376,80,3,95.00
2336,1377,118,2,107.22
2337,1378,97,3,347.49
2338,1378,57,4,419.50
2339,1379,137,5,102.49
2340,1379,5,4,374.68
2341,1379,96,5,234.35
2342,1380,7,4,435.09
2343,1380,115,3,84.55
2344,1381,37,1,285.66
2345,1382,126,5,427.76
2346,1382,37,4,310.08
2347,1382,122,5,280.36
2348,1383,127,3,266.78
2349,1384,10,3,131.27
2350,1384,154,4,342.95
2351,1385,144,4,91.09
2352,1386,119,4,392.41
2353,1387,109,1,405.77
2354,1387,194,1,391.06
2355,1387,192,1,70.83
2356,1388,109,4,392.73
2357,1389,192,5,73.73
2358,1390,76,3,470.91
2359,1391,43,2,43.55
2360,1391,176,2,222.47
2361,1392,65,4,215.73
2362,1392,85,2,230.05
2363,1393,107,2,49.45
2364,1394,49,2,242.31
2365,1395,16,5,463.45
2366,1396,144,2,88.29
2367,1397,110,5,291.23
2368,1398,66,5,285.87
2369,1398,169,2,411.25
2370,1399,72,2,67.86
2371,1399,27,2,61.13
2372,1400,85,5,252.73
2373,1400,152,5,213.95
2374,1401,122,2,257.22
2375,1401,60,2,180.28
2376,1402,43,4,47.60
2377,1403,14,2,387.20
2378,1403,113,4,344.97
2379,1403,84,3,102.92
2380,1404,97,4,362.45
2381,1404,91,3,305.13
2382,1405,155,2,98.91
2383,1406,183,2,479.15
2384,1406,144,4,90.31
2385,1407,143,4,355.94
2386,1407,46,1,294.87
2387,1408,89,4,320.91
2388,1408,144,2,88.82
2389,1409,93,5,79.33
2390,1410,95,3,440.79
2391,1411,166,3,153.54
2392,1412,181,3,348.91
2393,1412,15,5,126.41
2394,1412,184,4,245.17
2395,1412,162,4,307.85
2396,1413,27,1,57.29
2397,1413,157,2,344.84
2398,1414,31,1,38.56
2399,1415,140,3,319.12
2400,1416,5,3,380.79
2401,1416,82,2,165.39
2402,1417,171,4,282.99
2403,1417,171,1,267.49
2404,1418,69,1,319.72
2405,1419,177,5,242.22
2406,1419,163,1,210.24
2407,1420,120,5,24.19
2408,1421,23,1,140.99
2409,1421,47,1,150.91
2410,1421,152,1,230.63
2411,1422,96,4,212.25
2412,1423,175,2,96.65
2413,1424,98,3,436.93
2414,1425,58,2,299.79
2415,1426,67,4,275.50
2416,1426,126,3,450.26
2417,1426,90,5,170.80
2418,1426,162,2,286.34
2419,1427,138,5,309.16
2420,1428,175,3,88.91
2421,1429,191,3,341.07
2422,1429,198,2,406.35
2423,1430,30,5,233.81
2424,1431,151,3,85.38
2425,1432,9,3,123.77
2426,1432,162,3,325.83
2427,1433,86,3,94.96
2428,1434,79,2,331.02
2429,1434,48,1,425.36
2430,1434,158,4,211.41
2431,1435,122,2,260.74
2432,1435,96,5,221.20
2433,1436,60,5,180.77
2434,1437,103,5,367.18
2435,1437,132,2,322.62
2436,1437,153,5,125.94
2437,1438,34,3,482.04
2438,1438,14,1,375.16
2439,1439,118,4,108.38
2440,1439,1,2,207.84
2441,1440,48,2,453.02
2442,1441,40,5,289.96
2443,1441,96,1,226.07
2444,1442,176,4,219.07
2445,1443,119,2,407.39
2446,1443,25,4,338.68
2447,1444,84,3,107.97
2448,1445,137,1,104.17
2449,1445,172,5,249.18
2450,1446,61,3,30.98
2451,1447,193,4,169.98
2452,1447,166,2,141.90
2453,1448,112,1,105.69
2454,1449,73,3,190.41
2455,1450,108,2,318.09
2456,1451,120,1,22.46
2457,1451,188,1,56.70
2458,1452,33,5,148.51
2459,1453,168,4,460.13
2460,1454,190,1,136.12
2461,1455,200,4,193.35
2462,1455,137,3,100.31
2463,1456,99,1,312.20
2464,1456,87,5,198.09
2465,1457,117,4,104.80
2466,1457,73,1,182.50
2467,1458,154,3,312.05
2468,1459,7,5,402.70
2469,1460,115,3,82.21
2470,1461,188,1,55.64
2471,1462,137,1,100.55
2472,1463,71,3,128.90
2473,1464,188,5,55.96
2474,1465,10,2,129.71
2475,1466,26,4,335.17
2476,1466,186,1,250.56
2477,1467,6,2,463.06
2478,1468,21,4,321.33
2479,1468,50,5,316.94
2480,1469,63,1,163.51
2481,1469,122,2,281.93
2482,1470,200,2,180.81
2483,1470,172,1,273.06
2484,1471,70,1,272.18
2485,1471,5,4,370.76
2486,1472,163,3,203.11
2487,1473,57,1,422.73
2488,1473,187,5,200.05
2489,1474,85,5,238.44
2490,1474,143,1,339.40
2491,1475,39,4,105.88
2492,1475,128,2,223.34
2493,1476,104,1,207.50
2494,1477,144,3,84.65
2495,1477,192,5,73.16
2496,1478,120,1,21.78
2497,1479,145,4,235.49
2498,1479,196,1,457.16
2499,1480,61,4,33.70
2500,1480,34,4,469.15
2501,1481,56,2,35.71
2502,1482,41,4,198.82
2503,1483,154,3,315.40
2504,1484,176,3,212.64
2505,1485,104,4,210.50
2506,1486,46,4,270.06
2507,1487,168,2,478.83
2508,1487,26,4,338.65
2509,1488,163,1,220.49
2510,1489,21,5,303.13
2511,1489,105,1,260.16
2512,1490,121,1,399.37
2513,1490,6,5,458.61
2514,1491,50,2,326.91
2515,1491,186,2,244.13
2516,1492,83,2,241.56
2517,1492,8,2,238.89
2518,1492,118,2,117.49
2519,1493,119,5,400.06
2520,1493,155,3,97.72
2521,1494,185,1,76.47
2522,1495,134,4,200.91
2523,1495,19,4,370.45
2524,1496,199,5,430.06
2525,1497,186,1,248.79
2526,1498,184,5,232.28
2527,1499,27,2,61.58
2528,1499,195,5,279.46
2529,1500,169,3,415.61
