order_id,customer_id,order_date,total_amount
1,331,2024-01-14,1452.96
2,91,2023-12-22,3524.92
3,329,2025-05-24,782.12
4,375,2025-02-26,1045.14
5,388,2024-05-30,1587.40
6,264,2024-10-15,255.71
7,72,2025-03-17,224.39
8,121,2025-02-14,1087.49
9,185,2025-10-24,285.15
10,82,2025-01-03,2226.57
11,114,2024-06-26,2760.57
12,411,2025-09-25,1037.28
13,271,2025-11-04,222.51
14,281,2025-04-15,613.72
15,438,2025-04-30,192.42
16,251,2024-02-16,1886.58
17,414,2024-09-25,1691.64
18,24,2025-01-21,1278.55
19,479,2024-01-24,3381.84
20,465,2024-12-05,439.25
21,441,2024-11-05,1300.00
22,373,2024-06-30,2377.72
23,195,2024-07-07,648.22
24,480,2024-03-09,1841.96
25,480,2023-12-01,400.73
26,229,2025-07-19,2406.16
27,112,2024-01-11,605.06
28,375,2025-06-26,933.84
29,449,2024-04-09,2354.05
30,498,2024-11-01,2812.28
31,276,2025-03-13,983.19
32,74,2025-03-03,2506.30
33,332,2024-02-03,2323.33
34,448,2024-01-28,1391.25
35,287,2024-06-24,298.14
36,8,2024-06-18,4146.37
37,204,2024-07-17,1549.11
38,185,2025-04-23,673.53
39,212,2023-12-31,2394.39
40,214,2024-09-12,476.20
41,427,2024-07-23,1344.90
42,421,2025-03-29,1795.69
43,470,2025-05-23,2603.53
44,5,2024-06-25,1755.38
45,338,2025-03-28,526.15
46,9,2025-05-10,2727.79
47,466,2024-05-16,1699.05
48,99,2025-08-10,1872.72
49,236,2025-06-15,846.58
50,424,2024-02-05,2146.08
51,29,2025-08-28,347.38
52,223,2025-09-05,356.64
53,445,2025-10-23,1393.55
54,436,2024-10-02,1064.30
55,421,2025-11-13,1729.88
56,200,2025-10-08,1773.09
57,119,2024-01-31,1907.40
58,204,2024-10-14,1102.88
59,183,2025-06-03,3882.53
60,366,2024-01-29,1137.16
61,325,2024-04-20,722.04
62,390,2024-08-17,262.14
63,286,2025-06-05,380.65
64,402,2024-10-12,1516.56
65,87,2025-10-16,1307.64
66,253,2024-04-12,321.15
67,248,2024-02-01,945.32
68,101,2025-02-25,463.69
69,171,2025-08-11,945.64
70,418,2025-09-11,3393.67
71,401,2024-07-20,275.84
72,478,2025-06-14,610.68
73,282,2023-12-12,2088.37
74,156,2024-07-19,1150.24
75,38,2025-02-16,3115.09
76,337,2025-09-25,698.65
77,331,2025-10-08,824.35
78,133,2024-06-29,1201.95
79,201,2025-03-03,1981.05
80,213,2024-02-10,372.04
81,176,2025-02-23,2229.40
82,232,2024-10-06,324.08
83,176,2025-09-08,90.24
84,283,2024-04-26,1078.80
85,208,2025-08-20,1487.08
86,378,2025-08-04,2053.60
87,410,2025-05-17,204.48
88,135,2025-10-01,3037.57
89,317,2024-05-09,1381.66
90,161,2024-03-14,447.60
91,73,2025-04-21,267.16
92,217,2024-05-23,652.60
93,251,2024-09-05,1160.36
94,444,2024-11-16,3267.57
95,213,2025-11-11,1289.66
96,141,2024-07-02,3104.72
97,58,2025-06-23,2207.30
98,188,2025-05-23,646.98
99,335,2024-07-25,462.68
100,442,2024-02-12,74.34
101,378,2025-07-09,1179.60
102,106,2024-06-13,728.50
103,361,2024-09-09,1809.10
104,348,2024-02-20,680.36
105,142,2025-09-16,872.86
106,165,2024-07-25,2476.12
107,193,2025-02-19,351.20
108,384,2024-08-25,2359.63
109,397,2024-02-18,769.43
110,220,2024-06-18,729.81
111,296,2024-03-27,1250.53
112,321,2025-02-27,783.92
113,491,2025-01-26,520.18
114,155,2024-04-25,916.45
115,321,2024-09-22,968.00
116,245,2024-02-02,1596.25
117,5,2023-11-23,548.94
118,46,2024-02-27,1248.03
119,397,2024-03-30,1129.66
120,85,2025-02-07,1010.60
121,316,2025-10-18,35.22
122,72,2024-03-20,1607.98
123,331,2024-02-09,1677.25
124,146,2025-10-22,1259.73
125,311,2025-04-19,722.31
126,402,2024-07-17,568.78
127,305,2024-01-26,3181.05
128,292,2025-01-18,193.74
129,489,2024-01-28,380.57
130,21,2024-01-15,5386.54
131,275,2025-05-18,848.96
132,80,2025-05-17,84.54
133,224,2024-07-16,498.60
134,314,2025-07-30,539.78
135,363,2024-04-03,2161.64
136,370,2024-08-06,460.98
137,61,2023-12-15,847.02
138,135,2025-11-13,1701.80
139,346,2024-03-12,338.24
140,442,2023-11-27,1100.07
141,77,2024-05-16,3403.23
142,164,2024-08-18,1337.11
143,412,2025-04-26,3417.17
144,156,2025-08-13,2362.95
145,396,2024-06-02,818.51
146,178,2025-08-27,3028.49
147,373,2024-09-24,738.78
148,493,2024-01-15,4308.97
149,69,2025-08-28,858.89
150,134,2024-10-02,2060.24
151,300,2024-03-05,179.08
152,209,2024-03-17,2076.17
153,47,2024-04-24,2208.23
154,128,2024-11-13,1236.12
155,90,2023-12-16,2442.24
156,426,2024-06-29,1221.69
157,481,2025-09-05,278.04
158,39,2023-12-07,2439.04
159,203,2025-04-06,353.68
160,110,2024-05-24,157.56
161,318,2025-08-07,1851.72
162,282,2025-03-19,265.96
163,103,2025-09-03,2014.76
164,401,2025-03-25,1160.20
165,139,2024-05-17,245.00
166,416,2024-08-28,1826.10
167,300,2024-07-10,4814.89
168,409,2024-12-16,306.00
169,163,2025-10-29,228.47
170,181,2025-06-18,1814.40
171,252,2023-12-23,920.25
172,270,2025-03-18,436.46
173,175,2024-05-14,937.94
174,192,2025-11-05,3477.58
175,492,2025-03-27,1419.64
176,302,2024-05-12,156.60
177,374,2023-11-16,3787.71
178,496,2025-08-02,254.62
179,73,2024-10-19,149.23
180,344,2025-08-30,807.24
181,180,2024-08-03,1519.84
182,453,2025-01-11,1061.37
183,52,2025-03-19,694.07
184,164,2024-08-08,1937.86
185,315,2025-03-23,884.78
186,170,2024-06-12,4588.48
187,431,2025-03-31,82.31
188,151,2025-09-22,1746.22
189,42,2025-03-13,2597.01
190,279,2024-12-15,1312.62
191,23,2024-08-10,261.38
192,289,2024-01-17,408.90
193,177,2025-05-22,1976.05
194,32,2024-12-15,3160.40
195,244,2024-09-16,455.49
196,462,2025-04-27,3813.36
197,86,2024-06-18,501.92
198,422,2025-08-18,385.20
199,373,2024-01-22,1402.36
200,439,2024-08-23,2282.38
201,76,2025-06-17,535.63
202,445,2025-05-16,1743.38
203,74,2025-08-09,1735.56
204,244,2024-08-16,3097.05
205,117,2024-03-31,1517.32
206,165,2024-08-16,2056.91
207,389,2025-04-26,1787.51
208,269,2025-06-19,692.20
209,128,2023-12-18,160.68
210,422,2025-03-04,999.20
211,229,2024-05-14,2348.66
212,198,2024-01-04,767.70
213,332,2024-07-02,1535.97
214,68,2025-09-07,815.84
215,413,2024-09-22,1609.23
216,112,2025-03-06,936.50
217,53,2023-11-22,2008.56
218,351,2024-03-04,630.60
219,442,2024-08-24,1300.53
220,265,2024-07-18,3527.54
221,133,2025-01-16,170.89
222,293,2024-05-27,936.80
223,327,2025-03-16,3813.47
224,133,2025-06-09,1680.78
225,447,2024-09-24,700.92
226,151,2025-03-03,4015.04
227,257,2024-03-16,4173.01
228,292,2025-02-25,475.04
229,250,2024-10-20,1222.44
230,390,2024-05-05,1000.40
231,223,2025-08-24,1105.04
232,20,2025-05-14,240.54
233,388,2025-05-11,484.31
234,128,2024-07-03,2621.84
235,86,2024-01-20,1797.71
236,223,2025-10-18,1363.78
237,12,2025-07-10,1021.51
238,131,2025-05-15,568.67
239,60,2025-01-14,748.05
240,360,2024-04-19,206.07
241,339,2024-02-26,3293.09
242,54,2025-04-21,1223.53
243,103,2024-08-10,2143.82
244,255,2024-06-14,978.65
245,428,2025-06-24,241.59
246,330,2024-07-08,1400.13
247,52,2024-05-11,2419.05
248,71,2025-09-24,1469.70
249,48,2024-11-30,511.48
250,354,2025-03-18,1055.69
251,433,2024-04-26,927.36
252,348,2025-02-05,1402.74
253,442,2025-10-15,973.89
254,336,2024-10-01,2473.00
255,296,2025-06-15,808.59
256,353,2025-11-01,2382.10
257,424,2025-06-08,1854.12
258,252,2024-10-08,70.50
259,282,2025-09-03,31.45
260,411,2025-06-23,863.80
261,255,2025-09-14,752.16
262,282,2023-11-15,2208.70
263,344,2025-02-24,2838.34
264,337,2024-11-21,642.81
265,425,2025-08-24,1909.82
266,368,2025-01-07,636.40
267,477,2024-12-21,663.27
268,213,2024-01-01,3139.43
269,3,2025-05-11,2383.62
270,467,2024-05-14,2534.63
271,165,2025-04-14,2864.55
272,69,2024-04-04,1522.65
273,360,2025-05-28,4082.58
274,68,2025-11-11,2575.06
275,390,2024-11-09,2931.28
276,458,2025-05-14,415.13
277,13,2024-12-09,256.33
278,385,2024-04-27,1968.74
279,346,2025-06-12,4594.17
280,490,2025-10-16,297.04
281,129,2024-06-09,1462.05
282,280,2025-07-24,497.66
283,91,2025-10-14,750.60
284,21,2025-01-26,235.52
285,434,2024-08-02,42.74
286,476,2024-10-10,4026.07
287,282,2024-11-15,570.84
288,490,2024-05-21,1387.56
289,114,2024-06-20,1507.34
290,288,2025-09-09,799.47
291,464,2025-09-02,744.84
292,408,2024-03-10,54.72
293,265,2024-12-02,2364.66
294,43,2024-02-21,2121.00
295,321,2024-01-21,651.26
296,218,2024-02-29,1285.36
297,482,2024-01-27,500.78
298,28,2024-05-15,485.46
299,231,2025-08-21,280.01
300,61,2025-05-15,385.95
301,382,2025-07-06,1106.64
302,55,2024-09-06,3759.15
303,421,2025-09-21,944.00
304,383,2024-12-19,1892.97
305,469,2025-09-08,2242.65
306,73,2024-03-20,1789.65
307,281,2024-02-10,214.05
308,464,2025-09-06,2011.35
309,436,2025-05-30,222.94
310,35,2024-07-28,1282.30
311,170,2024-11-14,874.06
312,318,2024-01-25,2652.54
313,414,2024-10-03,2113.77
314,170,2025-03-20,1342.23
315,56,2024-05-12,3092.46
316,376,2025-08-17,135.78
317,324,2023-12-16,1697.45
318,279,2025-05-20,823.74
319,115,2025-07-10,931.88
320,258,2023-11-25,2137.58
321,290,2025-06-16,349.72
322,119,2024-01-18,197.37
323,266,2024-11-18,104.65
324,333,2024-10-11,600.33
325,135,2025-06-29,1242.47
326,428,2024-02-02,1572.70
327,247,2025-07-25,1706.04
328,40,2025-04-24,1333.66
329,61,2025-09-21,241.89
330,246,2025-03-19,1012.24
331,23,2024-03-24,813.34
332,86,2024-08-05,1526.32
333,111,2025-02-16,1663.66
334,299,2024-05-19,1714.62
335,306,2025-07-11,1325.68
336,9,2024-06-09,691.44
337,462,2025-08-05,1228.79
338,462,2025-07-24,1328.48
339,220,2024-07-06,1679.23
340,120,2024-02-08,1143.88
341,3,2025-11-10,664.50
342,106,2025-10-19,2106.71
343,438,2025-05-16,556.10
344,349,2024-12-25,659.25
345,285,2025-03-24,1623.75
346,362,2024-12-26,615.89
347,261,2024-12-29,1529.35
348,494,2025-08-27,327.80
349,308,2025-02-02,243.56
350,312,2023-12-23,4186.40
351,397,2024-05-12,2447.79
352,18,2025-07-20,1207.44
353,336,2023-11-15,3844.49
354,282,2024-09-01,686.00
355,100,2025-02-22,3113.82
356,485,2024-03-13,2073.59
357,495,2024-12-05,2606.74
358,460,2025-07-07,1268.69
359,181,2025-04-26,1582.32
360,421,2024-10-30,1084.60
361,112,2025-06-24,149.30
362,103,2024-07-12,1377.19
363,399,2024-03-03,1220.48
364,392,2025-05-22,2989.75
365,469,2025-04-21,1959.15
366,270,2025-01-21,19.68
367,202,2025-10-17,470.52
368,7,2025-10-05,284.78
369,314,2024-08-06,239.68
370,491,2025-08-03,1697.48
371,215,2025-11-01,1193.06
372,295,2025-10-17,1050.51
373,285,2025-01-30,1142.16
374,69,2025-08-21,1115.61
375,291,2024-01-02,458.04
376,417,2024-08-01,305.94
377,172,2024-08-07,482.30
378,132,2024-11-01,492.93
379,494,2025-07-27,899.00
380,400,2024-09-01,1624.50
381,378,2025-02-14,3994.46
382,314,2025-06-22,328.09
383,117,2024-10-01,879.57
384,203,2024-08-18,1738.92
385,121,2025-09-22,347.78
386,204,2024-02-28,1262.25
387,395,2024-12-25,596.17
388,454,2024-12-18,692.79
389,65,2024-03-28,1742.84
390,240,2025-05-21,3483.79
391,326,2025-06-14,1833.90
392,178,2025-03-22,661.96
393,6,2023-11-15,2250.85
394,473,2025-04-01,2614.71
395,211,2025-06-11,481.34
396,331,2024-12-18,1803.46
397,410,2025-08-03,2522.99
398,212,2024-05-25,3224.56
399,165,2023-12-04,101.53
400,53,2024-08-29,942.84
401,120,2024-02-15,527.74
402,160,2025-04-08,2961.82
403,431,2024-07-28,1307.74
404,500,2025-02-10,238.66
405,395,2024-02-19,1158.54
406,373,2023-12-28,1651.04
407,455,2024-01-07,898.44
408,405,2024-07-20,282.70
409,244,2025-10-19,446.69
410,174,2025-08-16,924.38
411,406,2024-03-03,619.89
412,404,2025-09-05,1713.61
413,129,2023-12-25,1629.05
414,357,2025-03-30,2096.65
415,375,2025-03-08,1537.30
416,272,2024-04-21,608.50
417,1,2025-08-29,1609.91
418,123,2024-10-08,3516.75
419,393,2025-06-01,573.27
420,165,2024-03-07,408.97
421,481,2024-03-26,225.58
422,99,2024-02-24,1262.44
423,270,2025-08-14,589.72
424,472,2024-06-15,2664.59
425,481,2025-01-13,1763.38
426,37,2024-09-21,155.70
427,372,2024-07-08,1659.78
428,92,2025-06-08,637.48
429,360,2025-09-26,122.18
430,282,2024-12-30,2268.48
431,463,2024-10-02,1214.12
432,166,2025-07-30,582.64
433,282,2024-08-01,1480.84
434,1,2023-12-20,2812.47
435,262,2025-06-06,1006.96
436,136,2024-11-24,804.32
437,371,2024-10-12,1958.45
438,49,2025-07-16,825.54
439,172,2024-11-05,637.21
440,324,2024-12-10,158.96
441,290,2024-04-16,826.86
442,345,2024-12-21,2897.50
443,26,2025-05-29,1305.24
444,397,2025-10-29,374.56
445,250,2024-12-23,901.65
446,37,2024-08-13,2231.07
447,179,2024-05-28,137.54
448,87,2024-11-07,1447.27
449,192,2024-04-22,1226.64
450,445,2024-09-04,335.17
451,242,2023-12-08,640.25
452,280,2025-05-03,1237.72
453,464,2025-09-24,2512.65
454,239,2025-09-15,4200.04
455,333,2024-12-14,2467.05
456,51,2024-10-03,618.45
457,102,2025-04-10,1613.35
458,351,2024-11-09,933.68
459,257,2024-08-23,2271.07
460,116,2024-04-18,441.08
461,196,2025-05-01,1847.42
462,278,2024-03-28,2262.50
463,410,2024-06-09,1662.58
464,286,2025-05-13,335.06
465,382,2025-08-28,3046.55
466,311,2025-06-17,1425.12
467,400,2025-03-17,381.76
468,192,2024-05-21,2759.90
469,487,2025-01-10,558.80
470,34,2024-05-14,3288.79
471,312,2024-12-08,3086.30
472,329,2025-11-05,297.57
473,203,2023-12-25,1580.81
474,397,2024-09-02,1262.64
475,28,2025-10-21,1637.92
476,58,2024-05-17,2215.95
477,92,2025-02-21,1444.76
478,333,2025-11-12,1689.15
479,44,2025-05-04,1764.07
480,23,2024-05-07,2068.34
481,374,2025-02-13,168.31
482,492,2024-06-09,1221.30
483,255,2025-04-08,568.41
484,244,2025-02-21,1522.45
485,126,2025-05-28,1667.60
486,107,2024-01-04,335.52
487,438,2023-12-18,394.59
488,92,2024-04-28,1883.83
489,384,2025-06-29,132.83
490,166,2024-11-26,2827.62
491,212,2025-05-05,1049.40
492,293,2025-08-20,822.33
493,435,2024-10-04,925.10
494,67,2025-08-05,1520.66
495,149,2024-05-31,1702.88
496,61,2024-06-14,1095.64
497,109,2023-11-26,1857.75
498,282,2024-10-11,1975.84
499,15,2024-05-12,875.72
500,409,2023-12-21,1368.66
501,417,2025-01-11,2093.59
502,170,2024-11-11,317.01
503,174,2024-12-03,2249.10
504,401,2024-09-25,835.48
505,191,2025-02-19,1027.20
506,20,2024-06-08,2022.03
507,269,2024-09-27,631.48
508,19,2025-02-27,175.79
509,478,2023-12-30,479.56
510,338,2024-09-29,824.13
511,108,2024-10-08,1397.22
512,396,2025-02-08,767.48
513,287,2025-04-24,59.46
514,139,2024-04-07,3007.06
515,67,2023-12-14,305.79
516,28,2024-02-11,1479.75
517,323,2025-10-21,690.67
518,473,2025-03-05,1000.36
519,486,2024-07-01,664.92
520,201,2024-05-20,1309.10
521,34,2025-03-15,1708.76
522,145,2024-11-05,1139.55
523,333,2024-01-26,526.16
524,281,2024-04-25,3161.14
525,343,2024-02-02,3552.75
526,167,2025-06-05,320.26
527,208,2024-01-25,2485.10
528,339,2024-01-16,2387.70
529,326,2023-11-15,2072.98
530,229,2024-06-02,472.05
531,468,2025-10-10,349.62
532,299,2023-11-23,1992.69
533,282,2024-01-08,255.06
534,145,2023-12-16,1545.70
535,163,2025-11-12,1851.56
536,340,2024-05-10,1155.55
537,474,2024-11-17,1396.41
538,37,2025-09-08,339.04
539,500,2024-04-02,1300.76
540,458,2025-10-27,3433.18
541,231,2024-12-12,1745.20
542,296,2025-04-08,1607.35
543,20,2025-06-18,446.04
544,493,2025-10-22,1023.20
545,385,2024-08-27,1589.30
546,46,2024-07-23,137.78
547,277,2025-06-30,1165.74
548,6,2025-03-09,1934.25
549,216,2024-11-10,4047.04
550,323,2025-03-13,1710.26
551,249,2024-02-07,371.79
552,316,2024-08-28,294.63
553,310,2024-05-11,1750.42
554,410,2025-05-08,1026.52
555,122,2025-09-21,722.06
556,376,2024-11-02,115.69
557,238,2024-12-27,1299.75
558,350,2025-11-06,249.66
559,223,2023-11-27,348.72
560,493,2025-05-10,1270.74
561,222,2025-08-01,2807.97
562,384,2024-07-19,1097.50
563,6,2025-10-03,389.63
564,269,2024-02-29,759.02
565,318,2024-02-17,282.44
566,327,2024-03-18,1931.64
567,461,2025-09-08,1089.89
568,480,2024-01-31,1322.86
569,400,2024-01-29,1830.84
570,31,2024-08-05,2200.38
571,277,2025-01-29,327.68
572,367,2024-08-06,349.88
573,129,2025-02-13,454.94
574,1,2023-12-23,1781.53
575,363,2025-03-31,203.75
576,2,2024-12-12,3267.37
577,491,2025-09-07,299.40
578,236,2024-09-06,1936.28
579,200,2024-03-03,2956.60
580,72,2023-12-21,397.10
581,200,2024-01-18,1245.43
582,29,2024-10-25,2517.55
583,348,2025-05-17,623.52
584,19,2024-04-07,1538.72
585,317,2023-12-31,577.12
586,324,2024-01-05,1985.66
587,410,2025-08-06,1603.04
588,428,2025-10-09,195.90
589,165,2024-06-20,542.14
590,213,2024-05-05,912.27
591,406,2025-08-23,590.86
592,92,2024-02-14,2394.20
593,106,2024-04-09,1571.72
594,306,2024-05-17,1625.77
595,286,2024-07-13,380.84
596,442,2025-05-20,1100.20
597,351,2025-03-14,183.76
598,187,2024-09-01,662.61
599,456,2025-02-21,142.74
600,91,2024-04-24,1372.10
601,167,2025-01-17,1365.96
602,57,2024-10-13,133.80
603,193,2024-06-27,1501.88
604,224,2024-04-11,1270.84
605,192,2024-04-02,1059.36
606,104,2024-10-23,1610.60
607,70,2024-03-07,790.94
608,327,2025-08-02,2459.33
609,429,2025-03-02,789.56
610,127,2024-07-25,620.56
611,303,2024-04-15,721.01
612,202,2025-03-19,695.20
613,7,2025-10-24,304.98
614,343,2024-09-22,593.05
615,13,2025-02-22,1711.40
616,447,2024-11-28,1849.63
617,171,2025-05-11,869.64
618,314,2025-05-23,322.42
619,466,2025-10-05,379.54
620,239,2025-08-09,235.64
621,361,2024-01-22,981.14
622,333,2025-03-18,1497.58
623,390,2024-07-02,1730.05
624,142,2024-01-09,1339.92
625,270,2024-03-19,566.20
626,232,2025-08-11,309.92
627,453,2025-02-25,455.62
628,490,2024-02-01,123.82
629,255,2024-04-17,1483.89
630,378,2025-09-05,217.99
631,411,2024-07-09,794.73
632,341,2025-10-28,987.22
633,157,2024-05-08,615.56
634,146,2025-02-23,2339.34
635,60,2023-12-27,2068.99
636,277,2024-04-29,628.34
637,476,2024-10-07,718.95
638,170,2025-09-07,2987.37
639,410,2025-06-15,744.52
640,72,2025-10-09,1953.64
641,168,2024-01-10,2671.42
642,43,2025-05-19,980.09
643,309,2025-07-26,1248.28
644,191,2023-11-27,554.34
645,448,2025-06-11,790.16
646,213,2025-02-10,788.64
647,213,2024-04-05,2171.95
648,269,2024-10-23,830.04
649,210,2025-08-30,1946.16
650,196,2024-09-06,1921.67
651,238,2024-07-01,419.86
652,490,2025-08-31,2144.57
653,465,2025-10-19,520.24
654,186,2025-07-02,331.50
655,244,2025-10-25,2204.64
656,30,2024-04-12,675.90
657,28,2024-08-20,604.47
658,150,2025-05-10,1275.52
659,307,2024-05-04,2053.26
660,297,2024-11-09,1667.48
661,472,2024-04-29,1317.55
662,97,2025-06-09,1154.51
663,470,2024-02-01,460.09
664,160,2025-10-22,827.95
665,497,2024-10-30,450.05
666,61,2024-06-29,711.06
667,158,2024-03-22,1234.68
668,402,2024-03-08,1748.80
669,22,2024-06-03,2230.75
670,241,2024-03-15,968.96
671,103,2024-05-22,462.65
672,179,2024-11-09,2227.30
673,292,2024-01-23,293.93
674,367,2024-05-29,2224.68
675,302,2024-05-22,614.02
676,195,2025-01-22,170.00
677,161,2024-03-20,380.38
678,185,2025-11-05,77.43
679,253,2024-03-12,583.55
680,352,2025-02-11,861.90
681,220,2024-05-26,3327.99
682,347,2024-02-10,1250.52
683,53,2024-05-05,51.12
684,433,2025-01-01,1598.36
685,366,2025-07-02,3146.13
686,249,2025-04-21,1340.12
687,129,2025-03-30,589.74
688,378,2024-01-08,2600.28
689,79,2024-09-20,1163.63
690,104,2024-09-10,2532.35
691,488,2023-12-17,2388.04
692,85,2025-04-01,383.68
693,57,2025-06-19,3711.99
694,438,2024-04-23,2510.04
695,393,2024-09-01,1097.75
696,429,2024-11-24,621.15
697,457,2025-08-16,1402.60
698,183,2025-01-09,869.84
699,332,2024-09-29,909.54
700,276,2024-10-13,1777.80
701,462,2025-01-19,1770.56
702,163,2024-12-05,1628.24
703,106,2024-10-24,1252.68
704,154,2024-11-21,2414.75
705,294,2024-12-30,523.94
706,140,2024-01-22,1822.76
707,155,2025-04-14,1832.44
708,264,2025-02-21,2165.77
709,296,2025-04-09,1403.96
710,327,2025-05-13,1712.60
711,187,2025-03-02,317.16
712,211,2024-10-06,2896.02
713,123,2024-03-10,493.72
714,159,2025-03-04,443.24
715,19,2024-06-08,89.34
716,412,2024-08-25,545.33
717,460,2024-02-08,300.22
718,209,2024-11-21,1196.44
719,293,2025-04-10,1841.96
720,396,2024-09-30,1688.28
721,381,2024-07-13,2796.39
722,274,2024-12-02,1439.99
723,451,2024-04-11,717.03
724,11,2025-09-05,1337.22
725,197,2024-09-26,1214.93
726,122,2025-02-10,684.78
727,480,2024-07-13,1114.60
728,451,2025-09-04,380.46
729,422,2025-04-01,161.22
730,449,2024-02-25,2489.80
731,417,2025-05-28,745.74
732,406,2025-09-01,807.40
733,161,2025-06-26,395.60
734,497,2025-09-09,1172.64
735,377,2024-03-30,1116.30
736,410,2024-08-29,149.10
737,449,2024-12-05,3563.90
738,499,2025-03-02,584.98
739,317,2025-01-27,1742.18
740,368,2025-05-06,424.04
741,366,2024-06-10,1048.32
742,196,2024-03-27,2306.40
743,422,2024-08-30,948.59
744,135,2024-07-13,1270.58
745,241,2024-03-30,4113.69
746,49,2025-06-07,184.86
747,182,2025-07-27,1592.77
748,457,2025-06-09,794.88
749,253,2024-10-27,2498.85
750,66,2025-04-09,1625.58
751,224,2024-05-01,897.36
752,473,2025-09-18,1055.65
753,241,2024-08-07,86.56
754,459,2025-04-04,2236.40
755,253,2024-03-09,1430.28
756,87,2025-04-18,1635.95
757,93,2025-01-14,1283.36
758,303,2024-03-02,1010.38
759,490,2024-08-16,2796.31
760,167,2025-06-19,1248.57
761,29,2024-01-26,892.00
762,395,2024-12-27,442.64
763,207,2024-09-01,2721.10
764,472,2024-09-27,3145.59
765,244,2024-08-15,2526.71
766,323,2025-01-24,974.97
767,347,2024-07-01,1736.22
768,240,2025-02-04,1151.04
769,66,2025-10-15,2829.25
770,218,2025-01-10,2371.30
771,182,2024-08-01,2159.52
772,94,2024-12-21,152.28
773,371,2025-02-22,1958.49
774,41,2025-07-25,322.21
775,10,2023-11-20,788.64
776,236,2025-10-23,2275.65
777,156,2025-08-09,1672.20
778,45,2024-03-22,246.72
779,357,2024-05-25,3052.63
780,155,2025-03-03,389.27
781,463,2024-04-19,2317.42
782,151,2025-06-20,480.53
783,435,2025-04-05,1213.36
784,263,2025-07-12,3977.99
785,296,2024-10-03,2357.56
786,331,2024-11-04,102.72
787,372,2024-05-29,673.66
788,301,2025-10-16,348.76
789,151,2025-11-12,163.92
790,410,2024-04-28,1079.18
791,311,2025-04-01,202.72
792,108,2025-06-07,1149.66
793,183,2025-10-08,485.78
794,173,2025-01-28,45.62
795,250,2024-08-05,2719.35
796,225,2025-02-25,2458.23
797,54,2024-05-04,2571.38
798,256,2024-02-24,362.55
799,63,2024-06-08,50.21
800,415,2025-03-14,165.56
801,191,2025-01-12,542.62
802,386,2025-05-10,94.58
803,212,2025-01-07,2083.46
804,44,2024-10-26,835.54
805,202,2023-12-22,1300.30
806,215,2024-12-30,3276.00
807,313,2024-04-13,1304.57
808,358,2024-11-02,2087.40
809,379,2024-03-23,1822.68
810,175,2025-08-26,1197.15
811,124,2024-09-21,785.48
812,182,2024-03-20,309.40
813,294,2023-11-20,159.85
814,458,2025-08-18,1252.64
815,366,2024-12-05,1073.06
816,185,2025-02-22,1913.40
817,42,2024-02-17,1765.16
818,40,2024-11-27,1813.49
819,300,2025-04-08,1492.52
820,66,2025-03-25,2513.98
821,17,2024-04-23,1713.64
822,79,2024-03-14,659.01
823,15,2024-04-09,324.16
824,458,2024-09-22,670.63
825,214,2025-03-21,2490.68
826,427,2025-07-27,2295.40
827,390,2025-02-17,1365.93
828,120,2024-12-23,1449.88
829,331,2024-02-13,2197.67
830,490,2025-08-09,836.82
831,258,2023-12-04,228.54
832,141,2024-06-12,1791.85
833,414,2025-05-14,3127.48
834,213,2023-12-09,1710.73
835,394,2024-02-14,498.42
836,493,2024-10-13,441.20
837,51,2024-10-07,734.16
838,424,2024-03-17,1313.80
839,253,2025-04-18,946.00
840,34,2025-03-24,460.62
841,10,2024-08-16,758.39
842,209,2025-02-13,1033.25
843,496,2024-04-08,698.80
844,217,2025-06-05,933.36
845,318,2024-09-06,644.63
846,430,2025-10-11,348.78
847,262,2024-08-29,676.40
848,154,2024-02-14,321.82
849,144,2025-01-30,280.95
850,485,2024-10-30,1941.22
851,236,2025-07-20,706.62
852,2,2025-07-30,836.82
853,459,2025-10-28,2084.60
854,457,2025-10-02,500.46
855,193,2025-07-22,263.03
856,190,2024-05-30,432.13
857,349,2025-11-10,838.95
858,414,2024-06-28,753.51
859,253,2025-11-04,1635.58
860,143,2025-06-19,2342.80
861,309,2025-06-15,180.76
862,66,2024-08-06,2690.52
863,349,2025-06-10,2270.16
864,209,2024-08-21,652.68
865,265,2023-12-29,2327.12
866,42,2025-06-22,802.50
867,101,2024-05-01,220.39
868,222,2023-12-09,1235.58
869,491,2024-10-28,2247.50
870,392,2024-02-20,730.89
871,456,2025-10-25,157.91
872,227,2024-01-10,1186.56
873,347,2024-01-11,3679.48
874,307,2025-09-20,1880.35
875,174,2025-09-11,3827.36
876,304,2024-05-31,2419.02
877,409,2023-12-30,475.80
878,492,2025-09-12,1304.46
879,159,2025-07-24,441.80
880,337,2025-10-09,166.00
881,287,2024-01-09,36.50
882,104,2024-01-24,1181.08
883,240,2025-07-21,2184.80
884,84,2024-03-01,207.36
885,2,2025-08-30,184.20
886,123,2025-03-21,1346.65
887,38,2024-11-15,441.78
888,100,2025-08-22,1677.93
889,90,2024-06-26,1683.66
890,467,2024-02-26,932.40
891,404,2024-03-07,671.01
892,190,2024-11-30,1294.17
893,452,2024-03-27,2305.42
894,326,2024-07-22,3435.87
895,408,2024-08-27,4272.80
896,261,2024-12-16,1357.68
897,365,2024-12-01,1983.84
898,405,2025-07-04,1158.18
899,157,2025-01-23,1552.23
900,266,2024-11-09,217.12
901,173,2025-01-24,1316.32
902,255,2024-10-04,827.82
903,136,2025-09-05,1030.23
904,263,2025-05-27,1190.00
905,103,2024-10-21,705.66
906,418,2025-10-14,2116.20
907,5,2024-09-16,1434.88
908,421,2025-06-30,2145.02
909,117,2024-07-04,1316.54
910,370,2025-03-01,1030.71
911,220,2025-10-29,1418.80
912,16,2024-12-02,475.38
913,5,2025-04-09,2554.98
914,354,2025-05-18,87.99
915,17,2024-04-05,1237.15
916,309,2025-07-29,1135.76
917,97,2025-03-15,138.04
918,156,2024-02-18,1546.90
919,424,2025-10-20,1741.70
920,150,2025-09-20,935.89
921,466,2025-01-08,572.00
922,245,2024-01-24,1019.76
923,159,2025-01-30,1661.98
924,258,2025-10-16,442.11
925,229,2024-01-19,319.92
926,295,2023-12-25,3153.20
927,422,2024-05-12,1445.80
928,235,2024-12-12,1789.57
929,276,2024-09-08,1084.57
930,189,2024-02-01,390.54
931,23,2025-03-02,1483.72
932,382,2024-12-27,1023.00
933,35,2024-02-07,763.76
934,10,2025-07-28,471.79
935,201,2024-05-05,452.15
936,79,2025-02-08,35.20
937,273,2024-06-23,2185.55
938,367,2025-09-20,1329.25
939,192,2024-07-16,1342.88
940,8,2024-10-25,832.28
941,23,2025-01-13,1435.12
942,278,2024-12-23,2450.26
943,109,2025-02-26,1349.97
944,189,2023-12-29,128.76
945,307,2025-04-09,3384.88
946,498,2025-10-25,513.57
947,342,2025-03-22,1924.80
948,230,2024-12-10,614.70
949,316,2024-03-21,701.64
950,318,2024-02-04,879.04
951,78,2024-12-03,271.74
952,307,2025-02-11,777.71
953,213,2025-09-08,315.22
954,106,2025-05-20,599.94
955,357,2024-06-29,2389.40
956,252,2024-01-25,1408.06
957,41,2025-01-24,832.48
958,128,2024-09-20,163.76
959,401,2025-03-21,326.68
960,242,2025-02-08,1390.64
961,420,2025-03-22,1938.96
962,389,2024-09-17,2554.56
963,233,2024-08-31,1258.12
964,70,2025-03-09,217.65
965,257,2024-12-02,224.16
966,192,2024-12-12,1438.95
967,454,2023-12-24,3460.26
968,334,2024-12-13,1180.99
969,331,2024-04-14,216.72
970,309,2025-06-29,992.48
971,97,2025-01-21,868.83
972,257,2025-05-13,2279.47
973,294,2024-11-01,1559.34
974,87,2025-04-01,1586.16
975,336,2024-09-05,1370.74
976,94,2025-04-12,2918.34
977,462,2025-01-06,232.26
978,86,2024-02-04,339.24
979,176,2023-12-15,1977.49
980,385,2023-11-22,438.77
981,493,2024-08-13,1704.15
982,482,2024-11-18,3045.14
983,2,2025-02-24,2101.03
984,317,2025-10-17,1590.09
985,491,2024-10-09,89.25
986,377,2024-10-13,1659.80
987,179,2025-01-26,4128.43
988,402,2025-04-14,215.45
989,345,2025-05-29,1630.39
990,367,2023-12-14,428.52
991,113,2024-08-04,675.42
992,355,2024-10-20,2702.40
993,402,2025-06-12,1260.95
994,480,2024-05-25,2270.92
995,1,2024-09-28,681.68
996,217,2024-10-07,1395.38
997,203,2023-11-24,1262.57
998,234,2024-04-13,573.14
999,64,2024-08-21,2502.19
1000,108,2024-07-02,1553.74
1001,418,2025-09-20,1721.32
1002,271,2024-08-30,1618.35
1003,68,2024-10-11,873.29
1004,84,2025-06-28,1690.76
1005,75,2024-06-16,154.74
1006,5,2024-11-19,431.83
1007,219,2025-10-10,696.99
1008,61,2025-04-25,2171.80
1009,61,2024-07-18,2320.35
1010,335,2024-12-03,1484.54
1011,335,2025-02-12,36.40
1012,251,2025-09-01,2487.67
1013,356,2024-02-19,1215.24
1014,65,2024-02-24,2166.35
1015,417,2025-11-01,1814.85
1016,272,2025-03-29,2081.80
1017,405,2025-09-12,342.48
1018,460,2024-03-14,599.44
1019,229,2024-10-01,708.20
1020,83,2024-02-12,903.08
1021,495,2025-05-25,422.81
1022,24,2025-04-29,3686.65
1023,262,2024-06-16,890.27
1024,427,2024-06-22,2531.63
1025,131,2024-08-07,1085.12
1026,484,2024-08-01,1812.26
1027,357,2025-09-06,1161.75
1028,421,2025-04-21,1053.78
1029,310,2024-07-25,730.95
1030,281,2025-01-04,369.87
1031,171,2024-08-20,861.66
1032,194,2024-06-29,55.54
1033,373,2024-09-23,2106.46
1034,283,2024-08-18,1439.46
1035,413,2025-10-09,1656.74
1036,366,2024-04-22,1589.51
1037,328,2024-11-28,1376.58
1038,182,2025-03-08,924.08
1039,440,2024-02-12,1293.08
1040,30,2024-02-09,3087.84
1041,478,2024-04-02,1560.75
1042,208,2023-11-29,2007.58
1043,126,2025-09-22,4250.01
1044,90,2024-01-30,453.50
1045,27,2025-01-20,1117.50
1046,174,2025-10-10,19.04
1047,248,2024-09-10,1071.60
1048,473,2024-09-22,2417.32
1049,316,2025-02-28,267.94
1050,456,2024-05-23,419.56
1051,102,2024-02-09,1287.91
1052,337,2024-07-28,882.45
1053,220,2024-05-19,2029.86
1054,182,2025-02-01,356.38
1055,146,2023-12-26,1068.42
1056,83,2025-09-27,1145.46
1057,251,2025-05-31,181.18
1058,392,2024-12-28,780.74
1059,177,2025-04-10,395.84
1060,425,2024-10-30,130.73
1061,149,2024-08-29,1034.12
1062,79,2025-04-21,74.37
1063,359,2024-07-25,857.66
1064,97,2025-07-12,571.20
1065,99,2024-04-12,390.58
1066,27,2024-12-08,636.96
1067,219,2025-03-19,272.84
1068,138,2024-11-21,661.76
1069,459,2024-01-02,223.26
1070,165,2024-06-19,330.50
1071,95,2024-07-30,1526.69
1072,380,2024-11-19,533.17
1073,197,2024-02-12,2418.19
1074,280,2025-08-09,1105.32
1075,104,2025-05-14,1399.08
1076,389,2025-06-10,2843.95
1077,141,2025-10-28,2523.22
1078,446,2025-04-23,4224.39
1079,112,2025-07-13,1610.84
1080,437,2024-06-27,1584.75
1081,115,2023-12-31,430.59
1082,405,2024-01-06,1135.41
1083,498,2024-11-26,1741.75
1084,69,2025-01-06,3031.46
1085,498,2023-12-01,2435.26
1086,132,2025-08-17,1875.96
1087,298,2025-08-20,1359.28
1088,462,2025-03-19,603.60
1089,442,2024-05-13,909.94
1090,11,2024-09-27,1148.76
1091,97,2024-01-25,558.72
1092,331,2024-12-31,338.42
1093,414,2023-11-27,1664.89
1094,395,2024-02-08,1470.40
1095,495,2023-11-24,3859.73
1096,418,2024-04-30,779.24
1097,279,2025-10-23,275.15
1098,23,2024-02-28,406.20
1099,115,2023-12-09,645.00
1100,147,2024-07-03,1636.14
1101,490,2024-08-29,588.51
1102,473,2024-02-09,3112.85
1103,342,2025-10-18,1470.60
1104,139,2025-04-09,325.03
1105,200,2025-02-14,1179.26
1106,166,2024-03-24,962.34
1107,218,2025-03-21,466.04
1108,335,2024-07-23,926.96
1109,253,2025-05-13,1083.96
1110,398,2025-10-25,867.55
1111,9,2024-11-20,630.61
1112,444,2024-04-05,1633.65
1113,468,2025-01-19,322.45
1114,61,2025-10-27,1517.80
1115,55,2025-09-23,2605.99
1116,41,2024-07-22,127.84
1117,94,2025-03-10,1500.51
1118,173,2025-02-11,625.67
1119,17,2025-07-25,2526.48
1120,425,2024-08-05,3042.41
1121,487,2024-03-22,2338.57
1122,500,2025-06-09,2470.16
1123,85,2024-01-09,845.85
1124,309,2024-10-23,390.04
1125,34,2024-06-18,1572.70
1126,44,2025-06-20,1191.97
1127,5,2024-11-14,2107.76
1128,499,2024-03-26,1691.07
1129,414,2024-04-16,1863.24
1130,437,2023-12-23,375.60
1131,321,2024-02-18,2741.91
1132,374,2025-07-30,2401.02
1133,320,2025-01-29,1748.28
1134,313,2025-07-28,1403.65
1135,255,2024-02-22,1417.29
1136,161,2024-05-06,1662.65
1137,243,2024-08-03,477.88
1138,440,2024-09-03,945.88
1139,263,2025-08-15,668.85
1140,330,2024-01-12,942.57
1141,292,2024-12-27,1698.71
1142,239,2024-03-05,58.93
1143,473,2024-12-25,2103.56
1144,249,2024-06-19,865.82
1145,241,2024-04-12,1932.48
1146,414,2024-11-19,2175.80
1147,326,2024-05-13,1167.75
1148,153,2025-11-13,1603.45
1149,458,2024-08-06,409.98
1150,220,2024-10-30,2402.58
1151,224,2024-11-12,3266.96
1152,166,2025-09-25,1799.41
1153,370,2023-11-18,2200.19
1154,111,2024-11-05,1258.80
1155,190,2024-11-21,1745.25
1156,64,2025-10-31,444.28
1157,181,2025-05-23,1241.88
1158,91,2025-02-26,1416.10
1159,278,2025-02-03,1795.68
1160,360,2025-08-11,1192.88
1161,384,2025-08-14,2708.17
1162,283,2024-12-09,364.83
1163,407,2025-03-04,555.52
1164,192,2024-07-01,1076.64
1165,466,2025-01-12,872.66
1166,431,2025-04-29,2346.18
1167,499,2024-12-19,1294.76
1168,411,2025-06-28,929.72
1169,89,2024-12-31,2601.90
1170,432,2025-08-18,1249.24
1171,304,2024-04-19,1009.00
1172,41,2025-06-22,782.12
1173,325,2025-08-22,2067.03
1174,431,2024-07-23,1207.95
1175,322,2023-12-08,399.20
1176,145,2024-08-09,767.12
1177,250,2025-08-16,833.96
1178,161,2025-08-24,2082.08
1179,178,2025-03-24,5802.30
1180,79,2024-06-23,1931.48
1181,247,2024-06-06,1733.22
1182,102,2025-10-18,1037.29
1183,301,2024-09-29,1909.80
1184,229,2025-01-21,2176.18
1185,291,2024-11-10,305.91
1186,456,2023-12-19,1745.89
1187,166,2025-01-27,2131.20
1188,400,2024-10-01,160.86
1189,110,2025-03-05,1509.10
1190,270,2024-06-24,376.30
1191,414,2025-10-02,617.92
1192,223,2024-10-05,1039.60
1193,141,2025-01-19,702.30
1194,303,2024-12-11,1202.79
1195,402,2025-06-26,2047.76
1196,425,2025-01-13,773.94
1197,161,2025-04-03,1202.41
1198,496,2024-03-18,846.77
1199,166,2025-10-19,1390.33
1200,276,2023-11-20,1971.29
1201,353,2025-08-03,3655.85
1202,65,2024-10-06,1973.56
1203,245,2025-09-22,220.14
1204,248,2024-07-03,1104.36
1205,181,2025-06-08,824.00
1206,7,2025-10-01,658.64
1207,175,2024-06-15,2229.67
1208,336,2024-04-20,1053.16
1209,445,2025-08-11,980.16
1210,158,2025-06-28,584.30
1211,458,2025-02-28,967.80
1212,232,2024-11-09,225.20
1213,109,2024-04-17,1636.65
1214,226,2024-08-20,1772.40
1215,217,2024-05-31,410.86
1216,272,2025-07-29,345.29
1217,331,2024-07-26,2117.18
1218,116,2025-08-11,2042.51
1219,88,2024-06-10,2241.60
1220,2,2024-02-19,1565.65
1221,157,2025-10-19,270.25
1222,171,2025-02-23,1523.28
1223,11,2024-05-14,4464.08
1224,420,2023-12-02,673.08
1225,52,2024-09-21,1199.43
1226,250,2024-07-31,1119.90
1227,171,2025-04-28,1596.95
1228,11,2024-04-14,3346.70
1229,489,2024-12-05,2280.10
1230,467,2025-10-10,983.64
1231,484,2024-08-23,271.75
1232,176,2025-08-03,603.65
1233,406,2024-11-04,1807.80
1234,76,2025-03-06,1137.83
1235,148,2024-01-20,2344.31
1236,251,2024-09-23,269.94
1237,71,2024-11-07,2681.50
1238,471,2024-02-05,512.20
1239,128,2025-10-09,2842.05
1240,306,2024-09-28,340.32
1241,72,2025-10-14,1624.50
1242,153,2025-06-17,2459.99
1243,351,2025-11-13,1154.12
1244,493,2025-01-08,96.82
1245,216,2024-02-13,2087.40
1246,318,2025-05-24,1350.60
1247,448,2025-04-28,360.02
1248,425,2025-09-10,138.60
1249,290,2025-03-22,2170.47
1250,28,2025-11-02,1579.45
1251,254,2024-04-02,631.10
1252,160,2023-11-21,856.26
1253,62,2025-04-30,480.44
1254,427,2025-04-15,116.72
1255,248,2024-05-21,1328.19
1256,316,2024-03-20,206.03
1257,420,2025-09-18,1734.90
1258,246,2024-09-06,1670.80
1259,342,2024-08-22,434.31
1260,417,2025-01-23,729.84
1261,200,2023-11-26,1172.33
1262,371,2025-02-26,591.96
1263,441,2025-04-13,1776.95
1264,33,2024-05-11,1854.21
1265,391,2025-09-19,250.55
1266,331,2025-03-24,1912.75
1267,295,2025-11-09,4242.27
1268,425,2025-01-01,452.64
1269,341,2024-03-02,1848.64
1270,119,2024-07-14,662.96
1271,216,2024-01-19,201.53
1272,384,2024-01-28,1157.25
1273,16,2024-05-11,1714.04
1274,327,2025-06-24,1418.49
1275,380,2024-04-28,700.36
1276,13,2025-08-20,2453.10
1277,37,2024-10-28,951.75
1278,427,2024-06-14,3840.60
1279,411,2024-01-22,1344.64
1280,292,2024-02-03,459.78
1281,256,2024-07-08,54.69
1282,421,2024-09-06,2393.64
1283,437,2025-04-28,3406.17
1284,470,2024-08-10,1662.57
1285,31,2024-04-05,176.94
1286,340,2024-01-17,1838.05
1287,360,2023-12-21,1405.24
1288,314,2024-02-05,1013.83
1289,221,2025-03-18,48.19
1290,14,2024-06-02,2072.62
1291,357,2024-03-22,1328.15
1292,225,2024-03-14,2124.57
1293,212,2025-05-17,928.67
1294,93,2024-08-30,881.25
1295,126,2024-09-09,1243.56
1296,337,2024-02-01,593.60
1297,377,2024-11-14,3209.74
1298,137,2024-10-06,691.51
1299,41,2024-06-10,1451.36
1300,121,2025-10-30,1883.24
1301,11,2025-04-08,1103.24
1302,438,2025-07-31,1422.32
1303,23,2024-07-01,1726.16
1304,339,2024-09-22,1409.22
1305,466,2025-07-30,1107.33
1306,175,2025-08-12,294.61
1307,284,2024-12-16,2356.32
1308,134,2024-04-29,1381.29
1309,395,2025-05-23,1352.12
1310,141,2024-11-19,1003.45
1311,158,2025-06-19,1584.98
1312,19,2024-11-16,685.82
1313,297,2024-02-04,1623.55
1314,33,2025-02-08,1030.02
1315,254,2024-03-24,337.14
1316,336,2024-01-04,443.07
1317,260,2025-02-07,1779.17
1318,9,2025-10-09,2132.62
1319,40,2025-04-17,349.03
1320,167,2025-06-21,347.84
1321,219,2024-08-30,537.35
1322,172,2025-01-05,3572.87
1323,77,2025-07-12,705.32
1324,262,2025-04-18,3088.68
1325,372,2024-04-16,333.70
1326,491,2024-07-01,1321.32
1327,271,2024-01-06,2651.18
1328,295,2024-09-10,749.70
1329,228,2025-01-07,1451.40
1330,469,2024-11-19,861.46
1331,424,2024-03-22,2617.94
1332,42,2025-01-06,277.25
1333,452,2024-06-04,3043.74
1334,65,2023-12-19,3336.28
1335,471,2024-12-16,1413.46
1336,460,2024-10-24,586.87
1337,182,2025-02-16,2267.98
1338,371,2025-07-10,2105.21
1339,225,2024-05-13,975.17
1340,175,2024-01-03,1639.47
1341,164,2024-05-15,758.07
1342,85,2024-03-15,1012.44
1343,87,2024-09-05,4567.90
1344,387,2024-05-05,272.50
1345,100,2023-11-21,1195.77
1346,483,2025-06-21,777.55
1347,233,2024-09-12,2917.50
1348,60,2024-11-11,959.48
1349,142,2025-02-21,594.51
1350,478,2025-11-06,811.46
1351,322,2023-11-23,368.28
1352,113,2025-10-04,745.06
1353,96,2025-04-06,19.10
1354,439,2024-06-21,1594.12
1355,107,2025-11-11,1023.90
1356,324,2025-07-04,691.76
1357,489,2024-05-17,3549.05
1358,113,2024-03-09,1859.95
1359,490,2024-10-06,3155.28
1360,443,2025-03-29,2003.94
1361,436,2025-01-06,1219.71
1362,163,2025-01-09,649.72
1363,468,2024-01-09,371.54
1364,420,2023-12-31,540.68
1365,86,2025-05-16,339.77
1366,315,2025-08-01,428.00
1367,370,2023-12-06,2188.08
1368,26,2025-04-29,695.44
1369,430,2025-05-16,440.80
1370,83,2024-12-01,171.95
1371,482,2023-11-28,2032.85
1372,204,2025-03-25,538.80
1373,324,2025-10-19,289.42
1374,194,2025-09-16,424.35
1375,40,2024-01-29,3188.46
1376,78,2024-02-20,779.96
1377,381,2023-12-08,214.44
1378,497,2025-09-16,2720.47
1379,248,2024-09-01,3182.92
1380,232,2024-07-01,1994.01
1381,56,2025-09-03,285.66
1382,87,2024-06-14,4780.92
1383,291,2024-07-10,800.34
1384,380,2024-10-25,1765.61
1385,138,2025-10-21,364.36
1386,161,2025-09-12,1569.64
1387,440,2024-02-06,867.66
1388,225,2024-03-10,1570.92
1389,412,2025-05-05,368.65
1390,5,2024-09-13,1412.73
1391,315,2024-11-29,532.04
1392,488,2024-11-29,1323.02
1393,367,2025-03-14,98.90
1394,35,2023-11-20,484.62
1395,276,2025-02-26,2317.25
1396,81,2024-01-22,176.58
1397,8,2024-05-30,1456.15
1398,189,2025-08-15,2251.85
1399,79,2024-02-28,257.98
1400,301,2025-09-05,2333.40
1401,414,2025-08-06,875.00
1402,412,2025-08-05,190.40
1403,166,2024-02-02,2463.04
1404,61,2024-07-18,2365.19
1405,163,2025-05-11,197.82
1406,485,2025-08-24,1319.54
1407,404,2024-07-28,1718.63
1408,438,2025-03-06,1461.28
1409,92,2023-11-25,396.65
1410,301,2024-09-27,1322.37
1411,7,2025-07-28,460.62
1412,204,2023-12-29,3890.86
1413,243,2025-09-08,746.97
1414,91,2024-03-28,38.56
1415,364,2024-01-17,957.36
1416,100,2025-09-15,1473.15
1417,301,2024-11-24,1399.45
1418,423,2025-04-11,319.72
1419,23,2024-08-23,1421.34
1420,288,2024-11-08,120.95
1421,45,2025-06-16,522.53
1422,404,2023-11-25,849.00
1423,371,2024-07-24,193.30
1424,378,2024-03-29,1310.79
1425,72,2025-06-15,599.58
1426,103,2024-05-14,3879.46
1427,428,2025-07-06,1545.80
1428,360,2025-02-01,266.73
1429,359,2025-04-13,1835.91
1430,240,2024-08-08,1169.05
1431,96,2025-03-15,256.14
1432,194,2025-09-19,1348.80
1433,5,2024-04-25,284.88
1434,52,2024-05-24,1933.04
1435,356,2025-02-02,1627.48
1436,348,2024-12-29,903.85
1437,219,2024-08-16,3110.84
1438,498,2025-06-18,1821.28
1439,393,2024-04-07,849.20
1440,89,2024-09-18,906.04
1441,224,2024-02-15,1675.87
1442,177,2024-02-25,876.28
1443,468,2025-03-12,2169.50
1444,391,2024-03-30,323.91
1445,374,2025-01-22,1350.07
1446,454,2025-07-30,92.94
1447,257,2023-11-16,963.72
1448,97,2023-12-30,105.69
1449,335,2024-05-17,571.23
1450,421,2025-03-21,636.18
1451,350,2025-04-27,79.16
1452,208,2023-11-27,742.55
1453,352,2025-02-22,1840.52
1454,28,2024-09-20,136.12
1455,411,2025-02-18,1074.33
1456,92,2025-01-22,1302.65
1457,264,2025-08-05,601.70
1458,251,2025-02-28,936.15
1459,173,2025-10-06,2013.50
1460,151,2024-11-14,246.63
1461,19,2025-07-17,55.64
1462,203,2024-07-26,100.55
1463,75,2025-08-24,386.70
1464,353,2025-08-08,279.80
1465,21,2024-02-01,259.42
1466,371,2025-08-29,1591.24
1467,327,2024-09-19,926.12
1468,132,2025-09-13,2870.02
1469,156,2025-08-06,727.37
1470,224,2024-08-22,634.68
1471,466,2024-05-18,1755.22
1472,141,2024-08-14,609.33
1473,116,2023-12-03,1422.98
1474,302,2025-01-18,1531.60
1475,164,2024-11-03,870.20
1476,88,2025-10-04,207.50
1477,293,2024-02-03,619.75
1478,150,2024-10-02,21.78
1479,300,2024-05-03,1399.12
1480,146,2025-06-06,2011.40
1481,436,2024-03-20,71.42
1482,293,2024-09-06,795.28
1483,181,2024-06-24,946.20
1484,186,2025-08-21,637.92
1485,273,2024-12-20,842.00
1486,147,2025-02-17,1080.24
1487,273,2024-10-22,2312.26
1488,215,2025-01-16,220.49
1489,71,2025-07-31,1775.81
1490,128,2024-05-03,2692.42
1491,335,2024-12-17,1142.08
1492,480,2025-11-13,1195.88
1493,228,2024-07-19,2293.46
1494,466,2024-04-26,76.47
1495,17,2025-10-13,2285.44
1496,453,2025-05-18,2150.30
1497,274,2023-12-09,248.79
1498,204,2023-12-25,1161.40
1499,226,2025-01-26,1520.46
1500,58,2024-05-06,1246.83
